PetID,images_selected,images_processed,status
d3b4f29f8,5,5,ok
e9dc82251,2,2,ok
8111f6d4a,1,1,ok
693a90fda,1,1,ok
9d08c85ef,4,4,ok
45af03266,3,3,ok
01a07b591,5,5,ok
10e723583,5,5,ok
324266c95,5,5,ok
b6fbfa344,5,5,ok
8df0bb3b3,5,5,ok
a05e81f9f,3,3,ok
311479c63,1,1,ok
11aa441fe,3,3,ok
25fc96414,4,4,ok
a6783a1c6,1,1,ok
05aaee8ce,4,4,ok
1d3dd0cb8,2,2,ok
f20fa5c38,5,5,ok
b8bc0c25c,2,2,ok
8f45b9967,5,5,ok
b7f7e01c6,3,3,ok
f41a7de83,2,2,ok
e7e2eca9e,1,1,ok
f2f8667a2,5,5,ok
54b687d7c,5,5,ok
6438c6b3f,1,1,ok
831505752,4,4,ok
106128c56,4,4,ok
c8f5f9120,1,1,ok
671ffc570,5,5,ok
279ca5034,1,1,ok
f653550ac,1,1,ok
9dae4e297,4,4,ok
5925cf3fa,3,3,ok
066498aa1,3,3,ok
568a5ab51,1,1,ok
a65853183,3,3,ok
3da55a076,5,5,ok
48f20f515,3,3,ok
fe3d33ae1,1,1,ok
850a43f90,3,3,ok
113204c87,1,1,ok
a8f43bea5,3,3,ok
13296aae7,3,3,ok
c59fe4bcd,5,5,ok
abf1716a9,3,3,ok
9718baba0,5,5,ok
39ba962ef,1,1,ok
34edfc9d5,1,1,ok
6220663ba,5,5,ok
4501c8125,4,4,ok
b138f5cc9,5,5,ok
dbfb1869f,3,3,ok
dbcf45977,5,5,ok
3b1391dda,4,4,ok
006610fe3,1,1,ok
1020c8f00,2,2,ok
dc1d76def,5,5,ok
6134ae21d,5,5,ok
0f1424059,1,1,ok
befafd8d3,1,1,ok
482d05dc8,5,5,ok
7b0d325d8,5,5,ok
373f757c7,1,1,ok
e1c40a1eb,3,3,ok
9f2dd031a,1,1,ok
1c1bb3cd4,5,5,ok
9a719040f,5,5,ok
3af1dedf7,2,2,ok
b7006ed96,5,5,ok
9ebf6e448,4,4,ok
21d8f0d2f,3,3,ok
9e172ab13,4,4,ok
261fc97ec,2,2,ok
ef2ee6e9b,2,2,ok
a9bfec3ba,5,5,ok
3e463e29e,5,5,ok
f5e35ea02,1,1,ok
f4ab04385,2,2,ok
49aaa4f94,1,1,ok
898476994,1,1,ok
b19556858,4,4,ok
6d994c50c,4,4,ok
6a3ff7445,5,5,ok
5e6de643b,2,2,ok
cf020a716,5,5,ok
5c92de3f6,5,5,ok
5297d9ba8,5,5,ok
89a41673f,5,5,ok
d965d6f3a,2,2,ok
0db65104a,5,5,ok
25c48e7ff,2,2,ok
685cbaf7f,3,3,ok
c93191313,5,5,ok
1c411730a,5,5,ok
ca7075738,2,2,ok
b2676e6b1,5,5,ok
301a245e6,5,5,ok
94afcd90c,5,5,ok
1ed55129a,2,2,ok
4175a27e1,4,4,ok
0aa767c04,1,1,ok
859b2a95b,3,3,ok
6cbbe5cd9,5,5,ok
f928a7e7f,1,1,ok
28bafb2ee,5,5,ok
7667378df,2,2,ok
da7895cbd,3,3,ok
e08649ba2,2,2,ok
117a7da85,2,2,ok
158a55025,3,3,ok
018e4d193,2,2,ok
b4fb9949b,5,5,ok
f5cb16efb,4,4,ok
199277f1a,4,4,ok
9f9bfa4d9,5,5,ok
8ecb9aab0,3,3,ok
be5595abb,4,4,ok
24dbfaf39,5,5,ok
43021e4ed,2,2,ok
7374edef0,5,5,ok
2fcbb6376,5,5,ok
a9c968c38,1,1,ok
2d8db1c19,5,5,ok
d03356a0e,3,3,ok
9dfd5312c,4,4,ok
96d7ed5de,4,4,ok
3d011c364,5,5,ok
74cd0ff66,2,2,ok
24bbd04ce,5,5,ok
1117a135d,4,4,ok
69975d223,1,1,ok
2ad6c7675,4,4,ok
f2472c8dd,2,2,ok
a22daaa5f,3,3,ok
1246bed4f,1,1,ok
f680cd37a,4,4,ok
6185f59bf,5,5,ok
128b247b8,5,5,ok
3161fe0f4,5,5,ok
0133b2a29,5,5,ok
8b636912d,5,5,ok
b833f9624,5,5,ok
34090e9d6,3,3,ok
c7eac7b01,5,5,ok
e6335f2ee,5,5,ok
7e250a5f1,5,5,ok
480f33a74,5,5,ok
454aa9e20,1,1,ok
157e3e074,1,1,ok
dbaacc7e8,5,5,ok
251bace70,5,5,ok
c0b3f2081,2,2,ok
0af685a60,5,5,ok
01f4746ef,2,2,ok
bb9a64e6f,2,2,ok
8d0f353e2,5,5,ok
f247a5242,4,4,ok
49d4a0adf,4,4,ok
7e3c6f81d,1,1,ok
9c680abbe,4,4,ok
67c9d22df,1,1,ok
0090eb457,4,4,ok
0b6064845,2,2,ok
1f6fe20fc,5,5,ok
2cde24ccc,1,1,ok
c222a4955,5,5,ok
65470d9c0,3,3,ok
c00b7ba5d,5,5,ok
683f1dfd8,3,3,ok
8813e5e4d,2,2,ok
10e26690b,5,5,ok
b6f1e40a5,5,5,ok
7b052d37d,5,5,ok
5dc7d3dc7,5,5,ok
c7c99d389,3,3,ok
d2f216860,3,3,ok
d605cb217,1,1,ok
9d4e91ab0,5,5,ok
9942bce62,5,5,ok
e0667be3b,5,5,ok
c0ca6dd73,1,1,ok
4fcd7cfe0,5,5,ok
9625d0998,4,4,ok
8773f250c,5,5,ok
b2876d101,2,2,ok
8988d22a5,4,4,ok
cbf20c4b0,2,2,ok
89e43a001,2,2,ok
085c9be4a,5,5,ok
e50570999,5,5,ok
8a464e436,4,4,ok
da8d56dff,2,2,ok
e08e93f16,1,1,ok
db23b96cb,5,5,ok
bb78d1aa5,1,1,ok
29aa0b74b,5,5,ok
7395053bc,2,2,ok
7413a61ae,4,4,ok
9abb10f2f,5,5,ok
58e2cf3d9,5,5,ok
a0cc9df12,5,5,ok
ba4f42314,3,3,ok
f829fad2b,5,5,ok
df0a5e6c5,5,5,ok
3c30c4a49,2,2,ok
5181f9924,1,1,ok
97c13bdf2,4,4,ok
fa1badbb7,5,5,ok
d29d34cfe,5,5,ok
abc69ab7f,2,2,ok
4fc9dee58,1,1,ok
6668ff629,4,4,ok
a4ade8bb2,1,1,ok
f9d566df8,2,2,ok
8b85a3893,5,5,ok
7e3d0e3f0,3,3,ok
9f4a72311,2,2,ok
f15a31a01,1,1,ok
c1f738966,5,5,ok
66064ba80,3,3,ok
392cb224a,5,5,ok
f205876aa,5,5,ok
3740bcc5d,2,2,ok
ba392c802,4,4,ok
6b685abae,5,5,ok
8b8489a24,3,3,ok
6c5b48801,3,3,ok
28dc83755,1,1,ok
45fd43894,3,3,ok
160dcaec8,4,4,ok
0c200f7a6,3,3,ok
3d9784a88,2,2,ok
eff316e87,1,1,ok
5ffd4e822,5,5,ok
83703d7e0,2,2,ok
84c1afe03,2,2,ok
b912b1114,5,5,ok
14e52bdaf,2,2,ok
9cf32e2a6,3,3,ok
1377d2c0e,5,5,ok
b859b9fa0,3,3,ok
843738a2a,1,1,ok
c8d2ed523,1,1,ok
6d5afdb0f,5,5,ok
2d06250ab,5,5,ok
823d5bd7e,5,5,ok
fed799a78,5,5,ok
4a56df934,1,1,ok
85094deda,3,3,ok
4a0d03a9f,3,3,ok
f506d3fd2,5,5,ok
bc4e5abfd,5,5,ok
e7b3f752a,5,5,ok
c20aa0352,5,5,ok
655eaa578,4,4,ok
21178f3b0,4,4,ok
d18d572dd,5,5,ok
002278114,5,5,ok
62f87187d,5,5,ok
930dcdef6,4,4,ok
2f346ac72,4,4,ok
88bc9864c,3,3,ok
ae64cc2e7,1,1,ok
cfc3e65de,5,5,ok
69d95bc54,1,1,ok
aef2fa931,5,5,ok
0cf709a59,3,3,ok
375a0eb3c,5,5,ok
1d79d37b3,3,3,ok
e15b26ed8,5,5,ok
bddd63050,5,5,ok
5bb4cc5d3,5,5,ok
b96d69dc8,2,2,ok
e28bad751,5,5,ok
b188b50cd,5,5,ok
f8619af42,1,1,ok
4d20f6163,1,1,ok
1fe561ed9,5,5,ok
798ff640c,5,5,ok
938bcb826,3,3,ok
85587ad13,5,5,ok
f5dc70d35,1,1,ok
b2f21fe63,5,5,ok
091a5da01,4,4,ok
7d2fe6bb6,1,1,ok
bd2f5699b,1,1,ok
3ad53090d,3,3,ok
207d61997,5,5,ok
924373704,5,5,ok
e0d18f038,4,4,ok
1b1a68a60,5,5,ok
a80687cf1,3,3,ok
8660ad37b,4,4,ok
23b3f793e,2,2,ok
a3d4585c2,2,2,ok
bf2f87f17,5,5,ok
d19f035bc,2,2,ok
2a6bb49f5,2,2,ok
4574e3de4,5,5,ok
cccd16111,5,5,ok
18553e89b,5,5,ok
2256216b1,2,2,ok
53037f091,5,5,ok
10836809d,5,5,ok
a906ff5f5,5,5,ok
331c0bbf3,4,4,ok
03f0fc32f,5,5,ok
49f3710f9,5,5,ok
f6c3b531d,5,5,ok
e8e461026,5,5,ok
a39ad6dc7,5,5,ok
b09fa9385,2,2,ok
8cb067b2f,5,5,ok
d52f229d1,2,2,ok
849ce39d4,4,4,ok
541400630,4,4,ok
919820452,3,3,ok
302eb3771,5,5,ok
c9cab5e67,5,5,ok
d8e7caaff,5,5,ok
66faa15c8,5,5,ok
7cfb6fe9c,5,5,ok
01928bd13,4,4,ok
4f66fa0c3,5,5,ok
b5295b0e2,4,4,ok
92f84c5b7,5,5,ok
58e24d608,2,2,ok
ec40d007f,5,5,ok
225f72952,3,3,ok
2259cf6f8,5,5,ok
fab063ed4,5,5,ok
48317c9e5,5,5,ok
846ca7805,5,5,ok
c3106dcd5,5,5,ok
eb64e3d68,5,5,ok
d899c9ef7,4,4,ok
bce0e17b9,5,5,ok
fc3fbbb99,3,3,ok
0adebbf21,5,5,ok
8cce291a9,1,1,ok
ff4d9a3c6,5,5,ok
0497c5ed8,3,3,ok
105c28771,5,5,ok
5afa2e561,5,5,ok
d5c4ef4c0,5,5,ok
50fc25dbe,3,3,ok
f7999c9bf,5,5,ok
7a3471df7,4,4,ok
e129ff4a1,5,5,ok
b00e4262e,5,5,ok
4f45bb293,5,5,ok
776354931,2,2,ok
aa2a3d9c7,1,1,ok
e1d86f0b6,4,4,ok
ebcdfedd2,3,3,ok
a554dbeca,2,2,ok
4f7bfcb68,3,3,ok
cdd815db9,5,5,ok
3f5f5782f,1,1,ok
b549fd8be,5,5,ok
47dda9537,3,3,ok
f895c20f3,2,2,ok
a963a6979,5,5,ok
70112a1b9,2,2,ok
363e8df66,5,5,ok
f0137d4e3,5,5,ok
ddd7cc601,2,2,ok
04f8947f3,5,5,ok
16eefbec7,5,5,ok
e54ee8e55,3,3,ok
001b1507c,5,5,ok
42dd3f3ff,5,5,ok
a6e7b6870,1,1,ok
6fc1c066e,5,5,ok
eea30b615,5,5,ok
88666f74e,5,5,ok
09e39377f,2,2,ok
69a1b02f6,5,5,ok
00f3a3993,5,5,ok
111748c15,5,5,ok
faec94482,5,5,ok
a89005005,5,5,ok
90bc90da2,5,5,ok
c42cf01ba,5,5,ok
10bbe5ea4,2,2,ok
6d7e560d9,5,5,ok
9572f7e6b,5,5,ok
7959e3491,5,5,ok
58805776d,5,5,ok
9fdb3a2a2,5,5,ok
1c7d56a42,3,3,ok
5027f31e5,5,5,ok
8ced67d36,4,4,ok
cf9bc2dc8,3,3,ok
a79983c71,5,5,ok
15f89f939,5,5,ok
61f95d269,4,4,ok
1bb0600a7,4,4,ok
8019d0c63,3,3,ok
40d7cb083,4,4,ok
188f8b07e,5,5,ok
ec7ebdb47,5,5,ok
da8cfd914,2,2,ok
2398599fc,1,1,ok
63a1fb887,3,3,ok
81da09ea9,5,5,ok
360dcecb1,5,5,ok
2027f2dfd,1,1,ok
ea4fe7ae2,4,4,ok
b3543dda3,4,4,ok
9e2a19b16,5,5,ok
0a14ac037,4,4,ok
f4cf82def,5,5,ok
4ad400ba0,2,2,ok
752b2d9c5,4,4,ok
73b5c37dd,1,1,ok
cd81fa60a,2,2,ok
c362cc3cd,1,1,ok
270461683,5,5,ok
a6bc8d1a6,2,2,ok
94d65e361,4,4,ok
28e14ee81,1,1,ok
e4e128c70,4,4,ok
7b25498d6,5,5,ok
9296c9064,5,5,ok
b129e668c,5,5,ok
9ee7776db,5,5,ok
c0a4d02cc,4,4,ok
4040a04bb,5,5,ok
0fb548aac,4,4,ok
3697f94e1,1,1,ok
b586e1ea4,3,3,ok
00a1f270a,5,5,ok
3eaa698d3,5,5,ok
f86c83084,2,2,ok
1c9a90078,5,5,ok
9fab4e65f,5,5,ok
e128e9022,1,1,ok
b43155295,1,1,ok
6c1fa0fdb,4,4,ok
71eac2c5e,5,5,ok
6b3614a92,2,2,ok
b24b7d23e,4,4,ok
45afc38e4,5,5,ok
886debfe8,5,5,ok
511b4a044,4,4,ok
c0fe34d97,5,5,ok
fc7f7797c,1,1,ok
0b942f000,1,1,ok
d042e55ce,5,5,ok
6cb63297c,5,5,ok
e4efae0f1,3,3,ok
bdffad31f,5,5,ok
ce0294cec,4,4,ok
ffbc3eaaf,2,2,ok
b165fe8b1,3,3,ok
4a02b467d,5,5,ok
1c7619fdc,5,5,ok
2da9b0c2c,5,5,ok
16e922149,5,5,ok
c1917c88e,5,5,ok
f3082fa97,5,5,ok
132a28bc9,5,5,ok
b9dd5cfcf,5,5,ok
39ef18e70,2,2,ok
7b1c82382,5,5,ok
b8fda5b3b,3,3,ok
8834ac7da,4,4,ok
7caa6d216,4,4,ok
c552e255a,5,5,ok
e748f52b7,1,1,ok
c53fb8a18,5,5,ok
428877021,5,5,ok
c3e1f5f86,5,5,ok
9ac089108,3,3,ok
a0490612e,2,2,ok
660cd67ed,1,1,ok
ea02306b2,5,5,ok
f8213a645,2,2,ok
ef4059fae,2,2,ok
9e6d5d0df,3,3,ok
3f2a40f0a,2,2,ok
20e4dbf48,2,2,ok
5b72e14bf,5,5,ok
9c6fdbcb4,5,5,ok
fe481f81c,1,1,ok
dc76a1735,1,1,ok
fc93d7cc9,2,2,ok
27eedd440,5,5,ok
802b1f331,5,5,ok
21ae91701,4,4,ok
4a8caef08,2,2,ok
bdfe6125d,1,1,ok
417c109aa,5,5,ok
865619d53,1,1,ok
4168bfd52,2,2,ok
b02fcb74b,5,5,ok
5ddfaab43,5,5,ok
87fadb3df,5,5,ok
3f3e1f288,2,2,ok
6ac437438,5,5,ok
b8f94e1ff,2,2,ok
5c1fa6bd2,5,5,ok
bf537cdb3,1,1,ok
eb8baed62,5,5,ok
01231c438,5,5,ok
5bb802fa1,3,3,ok
30f92e1ab,1,1,ok
2ab616a68,2,2,ok
10554e146,1,1,ok
59b6102ba,5,5,ok
f7b533990,5,5,ok
e31e27ce7,2,2,ok
a3a0fa212,3,3,ok
5eee1e783,5,5,ok
2bf834f39,5,5,ok
fe2cc3feb,3,3,ok
1499fbe78,4,4,ok
c3deb0697,5,5,ok
bde802b84,4,4,ok
bbf3097d0,3,3,ok
bed675184,4,4,ok
62d911513,3,3,ok
c19e8ac4d,5,5,ok
19cf5ba9d,5,5,ok
d4d84523a,1,1,ok
0ba16b529,2,2,ok
6d1e4b433,5,5,ok
8445b97aa,3,3,ok
854edf08f,5,5,ok
0f6488260,5,5,ok
514319114,3,3,ok
6c399cb06,2,2,ok
ccd3e236f,5,5,ok
3afb76273,4,4,ok
53a451386,5,5,ok
a9bc357f0,1,1,ok
4347c35e5,5,5,ok
bd74f5ce8,1,1,ok
52ec30101,5,5,ok
e2fbb0332,3,3,ok
8d25867cb,2,2,ok
9aa0e02ef,5,5,ok
10eaafcd9,2,2,ok
ed390241b,5,5,ok
e69df38b4,4,4,ok
bb2cbdb23,5,5,ok
6c17339fe,3,3,ok
f1b4a123f,3,3,ok
81ecf4cda,5,5,ok
1c0aa9866,4,4,ok
d3ef2ebef,5,5,ok
ab4407477,4,4,ok
211b0aa56,3,3,ok
c1a9d98fb,5,5,ok
2ca38a180,5,5,ok
af4483325,3,3,ok
2fe1eb7b8,2,2,ok
4c9f111f1,2,2,ok
a7554fc9e,5,5,ok
ac49bdbdd,3,3,ok
168f1c6e9,5,5,ok
1945e2783,5,5,ok
88a5b8318,1,1,ok
2148c2ef6,4,4,ok
1e0be9e49,3,3,ok
a2ee6f2da,3,3,ok
afdc5f01d,1,1,ok
5548fa6f4,4,4,ok
52ffdc6c2,1,1,ok
cc607ef5c,5,5,ok
55c827f51,3,3,ok
f810c2cae,4,4,ok
6366b7f4a,1,1,ok
a79e1889c,1,1,ok
3d13aab91,5,5,ok
0bcb2c2b5,1,1,ok
1238ed024,5,5,ok
49f6a8909,1,1,ok
ce18c7a4b,5,5,ok
cc4670dac,5,5,ok
13264f4f4,5,5,ok
dbba10f87,4,4,ok
fe056693f,3,3,ok
4140b3b5a,5,5,ok
5730742ae,1,1,ok
b932b3915,5,5,ok
4ff447944,1,1,ok
d0b9282c8,4,4,ok
e297b5ede,5,5,ok
1c67c5f4c,2,2,ok
d5ee02201,1,1,ok
166092e21,4,4,ok
36e02d379,5,5,ok
07877aea7,2,2,ok
619dcb4e6,3,3,ok
edba94b45,2,2,ok
0f4291ce6,5,5,ok
c32940f0f,5,5,ok
b0f2a1939,5,5,ok
97a80f8b3,1,1,ok
467faacc0,3,3,ok
cd1e7ec9d,4,4,ok
54224dada,4,4,ok
90e582b0c,5,5,ok
e5e06c8dd,3,3,ok
08fb442fa,5,5,ok
b652b7241,4,4,ok
4325e9930,1,1,ok
7f33563b9,3,3,ok
8cc02d983,5,5,ok
df6f884c0,5,5,ok
07914c759,5,5,ok
e2db9e1eb,3,3,ok
b9f90bdfe,5,5,ok
7559336dc,3,3,ok
9550556bf,5,5,ok
c36943627,5,5,ok
6029e0ed0,2,2,ok
4bdc7be69,3,3,ok
9c76163ca,1,1,ok
955e7c5cf,1,1,ok
11543e9ce,3,3,ok
9a591a8d9,3,3,ok
f8204bf7c,2,2,ok
4df43033d,5,5,ok
db745332f,2,2,ok
7d3dd49c5,3,3,ok
775d4b52e,1,1,ok
a8f2a5210,4,4,ok
2def0a43e,5,5,ok
da34209ec,5,5,ok
282678629,5,5,ok
04bad9310,5,5,ok
34d5748f7,5,5,ok
e0dc745da,2,2,ok
ee0eff05e,4,4,ok
7cbad35f9,3,3,ok
ff832cb7e,5,5,ok
b52b8d946,1,1,ok
072bb91b4,5,5,ok
9295d02bd,3,3,ok
73066f6ff,2,2,ok
5daea1779,1,1,ok
29fd25bc8,3,3,ok
70aeba909,1,1,ok
5e6a7ea61,2,2,ok
bb2c896c5,5,5,ok
eba013abc,3,3,ok
7023f6b45,5,5,ok
060d1de98,5,5,ok
b49012dd4,5,5,ok
f4ed1a08e,2,2,ok
0e12b9baa,3,3,ok
fb9833d4b,5,5,ok
a63f6c6a1,5,5,ok
7bead49ed,4,4,ok
acd81a109,5,5,ok
628a224b2,1,1,ok
d61dd6a6b,2,2,ok
b0ad07cfc,5,5,ok
017d966eb,5,5,ok
7b84a3913,4,4,ok
c763886a6,5,5,ok
9d4f21d40,5,5,ok
f288b4919,3,3,ok
81fddeac7,2,2,ok
769d800fa,5,5,ok
e1c5d6ba9,4,4,ok
8f38dbd18,5,5,ok
7a7f8a828,3,3,ok
beea1e1dd,2,2,ok
cf357f057,5,5,ok
fee0b4da6,3,3,ok
809ca8efd,5,5,ok
a996f1370,3,3,ok
9804a7d82,3,3,ok
ae58f28bc,1,1,ok
c9c023b3e,2,2,ok
5f1a700fd,5,5,ok
bf9fe33d0,2,2,ok
47caf7ad1,2,2,ok
d1a11cf42,4,4,ok
248c027cb,4,4,ok
ac6adc2e4,3,3,ok
983879402,3,3,ok
cbfaa79cb,5,5,ok
7811bdd84,1,1,ok
042dfb970,5,5,ok
7494b6aa9,2,2,ok
ce9d5fb9f,5,5,ok
03c49f5aa,5,5,ok
423c5b45f,4,4,ok
2260ef0a0,5,5,ok
05d8b5a9d,3,3,ok
7ecd54695,5,5,ok
9726ab93e,5,5,ok
bd331b74e,5,5,ok
5e7db4c54,5,5,ok
ab0bb2f5a,1,1,ok
a61776aba,5,5,ok
1b7d01262,5,5,ok
a76fa694e,2,2,ok
79a9a7b05,5,5,ok
1a1283447,5,5,ok
85332d295,3,3,ok
b2a23ac85,5,5,ok
2ef8bed36,1,1,ok
0910c13a3,5,5,ok
949fbd095,5,5,ok
2d7a45689,4,4,ok
9427b3749,5,5,ok
ccb7df174,5,5,ok
68e6f19f5,1,1,ok
e5164d828,2,2,ok
a56d6eceb,5,5,ok
577c72b39,3,3,ok
b1be2a9e8,5,5,ok
2e65d72c2,5,5,ok
b06c1ad30,2,2,ok
5ed271e0d,1,1,ok
eb4c66e7a,5,5,ok
6648175ff,3,3,ok
ab4b4681b,4,4,ok
bfcbca117,5,5,ok
41ee53918,3,3,ok
d1a67cee6,5,5,ok
3e26edfa8,5,5,ok
3af14a63c,5,5,ok
6198e214e,5,5,ok
43b6e3f2a,5,5,ok
bf1762a3a,3,3,ok
e1dcf0e9e,5,5,ok
2dea0707b,1,1,ok
9d0406864,3,3,ok
6333963fe,3,3,ok
4d101a0c3,3,3,ok
d3b017517,1,1,ok
504e4ec84,3,3,ok
96477b249,5,5,ok
b822d0566,5,5,ok
0850d4334,2,2,ok
b543331f4,3,3,ok
c0b1f82b1,5,5,ok
e13488562,3,3,ok
25079d00a,1,1,ok
46b9595d0,2,2,ok
13e385580,3,3,ok
ae3a99b36,5,5,ok
523aeba08,5,5,ok
982c6aa5b,3,3,ok
133a0db2c,2,2,ok
160e267f4,5,5,ok
48cd2ebaa,5,5,ok
26cd1c2ee,3,3,ok
2b1582f99,4,4,ok
9a0db11a9,2,2,ok
48dd9f35f,5,5,ok
694cc5569,5,5,ok
1effd827e,5,5,ok
10337747f,4,4,ok
370d9c1ba,3,3,ok
4a6fea502,5,5,ok
42ea4ccd8,3,3,ok
796cc971d,3,3,ok
ec0fd1a7e,2,2,ok
a09008d49,5,5,ok
5f9a836f8,2,2,ok
c3f2f166d,1,1,ok
35b9530a6,5,5,ok
3a7d3c17e,5,5,ok
9252b5dc8,4,4,ok
ff2cf88a0,2,2,ok
f4060848e,5,5,ok
392caeaed,2,2,ok
09f31b13e,1,1,ok
51d815775,4,4,ok
1eb8a0278,3,3,ok
ffd506899,2,2,ok
fb999f812,3,3,ok
343962804,3,3,ok
3c1cc2c24,3,3,ok
57f2482cc,4,4,ok
a6416e28a,5,5,ok
b28de653f,5,5,ok
213cf987d,2,2,ok
b42873eb7,1,1,ok
983160271,1,1,ok
846e720dc,5,5,ok
412b8d565,4,4,ok
28b64c198,5,5,ok
2af9db4dc,5,5,ok
8d6f10684,5,5,ok
1683f03de,5,5,ok
53549acd2,5,5,ok
a809464ca,5,5,ok
c69315120,1,1,ok
a678a4342,5,5,ok
5c2fdb3cd,5,5,ok
9e935b385,5,5,ok
55b799287,5,5,ok
8e3473e81,5,5,ok
61fa73996,2,2,ok
43c8e589d,2,2,ok
dd0d78496,3,3,ok
727a1c793,5,5,ok
6c9e1c82f,5,5,ok
14bbc5876,3,3,ok
0a0e8c15b,2,2,ok
1a4a2e683,3,3,ok
c3eefdcd8,1,1,ok
973dddde5,5,5,ok
a119ce67e,4,4,ok
d840b5a02,5,5,ok
11757c072,5,5,ok
787086e9d,1,1,ok
91bcb5a0a,2,2,ok
e90451ea4,5,5,ok
1803e4c27,2,2,ok
5e5d1fc6d,5,5,ok
672cc8af8,4,4,ok
6c324e80a,5,5,ok
1a54d4e92,3,3,ok
fcc138c39,5,5,ok
0c0508818,1,1,ok
29778124f,2,2,ok
f4c27e753,1,1,ok
4464fa621,5,5,ok
4a1274da0,5,5,ok
3d1d0f102,5,5,ok
fe22cc3da,1,1,ok
e8c9545c7,1,1,ok
1c8a8385e,1,1,ok
eb3b2ad1f,4,4,ok
0cc3e27b5,5,5,ok
a16f85c6f,3,3,ok
6460390c0,5,5,ok
b78b30c18,4,4,ok
8a6f0c997,3,3,ok
e995db95f,3,3,ok
e4afff6dd,5,5,ok
82c90e313,5,5,ok
964b2fec4,3,3,ok
fd717a456,1,1,ok
bdc94bd91,5,5,ok
89792afe0,5,5,ok
7439df9c4,2,2,ok
afab70239,5,5,ok
269192694,3,3,ok
5d83f98eb,3,3,ok
1dc24448c,4,4,ok
530b7bcec,5,5,ok
6a763a055,2,2,ok
a528683b3,5,5,ok
87f206cea,5,5,ok
d7dc2efde,4,4,ok
062f73a4b,1,1,ok
f0788c412,2,2,ok
2986194f1,2,2,ok
48dd04601,5,5,ok
082b9a2de,5,5,ok
47ecc7ef4,5,5,ok
53eda13e6,5,5,ok
642ed14e6,5,5,ok
a630f3a73,2,2,ok
d77a6813d,2,2,ok
429019089,4,4,ok
be38039cc,5,5,ok
b06d39b09,3,3,ok
647284f19,1,1,ok
fd6dd3835,5,5,ok
799ea79a2,5,5,ok
8cebbeec1,5,5,ok
05492e461,5,5,ok
41b98eea2,1,1,ok
f11772123,5,5,ok
8da3d6fc5,5,5,ok
e914bdd82,5,5,ok
b0dec8779,5,5,ok
06f523361,5,5,ok
24aaed171,5,5,ok
5f20dde82,5,5,ok
1d4adbcc2,1,1,ok
5149bb7f8,5,5,ok
a91761e54,3,3,ok
437b01de4,5,5,ok
b27f46ae3,2,2,ok
ec8411943,5,5,ok
df356def7,5,5,ok
cd3cd5fcc,5,5,ok
a6992bbc5,2,2,ok
774289137,1,1,ok
ea159d8da,3,3,ok
404eab70f,1,1,ok
9ea3739e8,5,5,ok
419d296e7,5,5,ok
5adb4e661,5,5,ok
007bc1db4,5,5,ok
93f758039,5,5,ok
fb5ef5522,3,3,ok
d4bdcd89c,5,5,ok
6c896760b,5,5,ok
976cd59b0,1,1,ok
2599e55c5,2,2,ok
6a48f776b,3,3,ok
dbd4f79ef,4,4,ok
acb614bba,5,5,ok
373880ef5,4,4,ok
3983e7c06,1,1,ok
fa41fb473,5,5,ok
41bbdb352,3,3,ok
0fb490c9b,3,3,ok
8685546cb,1,1,ok
fbcadae16,5,5,ok
879c40dfa,5,5,ok
ba20d5a08,1,1,ok
8a1e12a30,5,5,ok
a68361fdb,5,5,ok
007ffeccd,5,5,ok
c58ad77c4,2,2,ok
61338b2e9,5,5,ok
91c2159dd,3,3,ok
7711871ae,5,5,ok
1a47d1c94,2,2,ok
78a8e1b01,4,4,ok
b2937acb6,1,1,ok
d8715d47e,5,5,ok
2023404f9,3,3,ok
378406cf4,1,1,ok
33add94a0,5,5,ok
11ad894e6,5,5,ok
12c4ed873,3,3,ok
ed7cde89e,1,1,ok
0e8c2a1aa,5,5,ok
0a38a1059,5,5,ok
f0b2787f5,2,2,ok
29a08292f,5,5,ok
8f0468771,5,5,ok
dc371c173,5,5,ok
0b8e1dd80,5,5,ok
1100bff90,5,5,ok
54c5d6442,5,5,ok
74c7373bd,3,3,ok
8a9a4edd7,2,2,ok
623138a05,5,5,ok
1ffe668f9,5,5,ok
400cbe759,5,5,ok
077001793,1,1,ok
dfa8ac290,3,3,ok
119903786,5,5,ok
87639ef4c,5,5,ok
7131cab79,5,5,ok
e4277c6de,5,5,ok
402799b02,5,5,ok
e98e609ac,5,5,ok
e24b153bb,5,5,ok
d0b98e001,2,2,ok
86d203b94,3,3,ok
d7a050445,2,2,ok
cc515ec8c,3,3,ok
a462b563c,2,2,ok
132346d7e,5,5,ok
de1f49c9d,5,5,ok
7564c7b62,4,4,ok
f93fe66ef,4,4,ok
3397adec3,4,4,ok
a81084ff0,5,5,ok
2d88536fc,1,1,ok
03a92a94f,2,2,ok
a7b91a377,2,2,ok
fc2012c7e,5,5,ok
9468e2ed1,5,5,ok
b88fa24c2,4,4,ok
ae4e546cb,1,1,ok
a0e71d03a,4,4,ok
f77be41c3,5,5,ok
628fd5227,3,3,ok
868dcd617,2,2,ok
85114144b,5,5,ok
5b22f97b3,5,5,ok
0308c9eda,3,3,ok
68f3cfdcb,4,4,ok
d01112d4a,2,2,ok
94af242ed,4,4,ok
173fa657f,3,3,ok
8cee52ff2,2,2,ok
ec780b913,5,5,ok
72d77924a,2,2,ok
04c4a7493,2,2,ok
1b932e373,5,5,ok
af8138fea,1,1,ok
2c46efe8f,4,4,ok
bf90589d1,1,1,ok
5597af31b,2,2,ok
28ec2de89,5,5,ok
09a41530d,3,3,ok
34f6111bf,5,5,ok
c7e61f3c2,4,4,ok
a366ce2a5,5,5,ok
07cf7d230,5,5,ok
400a15912,5,5,ok
03f48e12b,5,5,ok
b8d07c37b,5,5,ok
25a834a2e,4,4,ok
2caa6639a,1,1,ok
0dfd484a6,1,1,ok
5a4b92653,4,4,ok
0a84451ae,5,5,ok
acc76c678,2,2,ok
98686f3bc,3,3,ok
bc681e945,5,5,ok
c7c6fc160,1,1,ok
86c35033b,5,5,ok
966598774,3,3,ok
058394848,5,5,ok
5b59ef7ee,2,2,ok
0e9a2fed4,2,2,ok
426132585,4,4,ok
531e56f63,5,5,ok
db2d1ccaf,5,5,ok
ff498c903,5,5,ok
8cd149470,5,5,ok
63ddd39f4,5,5,ok
d5a027e6c,5,5,ok
a05c489dc,5,5,ok
0658597c9,5,5,ok
fce9a96ce,2,2,ok
7678afa65,1,1,ok
1976719f7,5,5,ok
ea4cea375,3,3,ok
036c684d3,3,3,ok
3c0ca0676,5,5,ok
ee6601d0b,5,5,ok
e2f5253f7,1,1,ok
858854bb5,3,3,ok
59a23bac0,5,5,ok
a25a5ad9e,5,5,ok
5e8f72190,5,5,ok
23eddf1d8,1,1,ok
1eb9e42bd,3,3,ok
2ea25b63b,5,5,ok
637186543,1,1,ok
360f2c8b9,1,1,ok
2e553e40a,5,5,ok
cad137e83,3,3,ok
b8084fe32,1,1,ok
67c74483f,2,2,ok
a6231927c,1,1,ok
d92c326f8,1,1,ok
073f265c3,4,4,ok
747359fcb,5,5,ok
dcf2641f2,5,5,ok
70a33ed88,3,3,ok
975cf510c,5,5,ok
c8a6c0351,4,4,ok
6a8f9aa52,5,5,ok
08f54d056,4,4,ok
a04c35bc6,2,2,ok
0cb5ad250,4,4,ok
d1a577692,4,4,ok
93cdb10e6,2,2,ok
0d7d16ce1,3,3,ok
05bde54cc,3,3,ok
59f987236,3,3,ok
3e65ffa3c,3,3,ok
802986a45,4,4,ok
3dd380ccb,4,4,ok
3033b66f9,5,5,ok
e01bb78f2,1,1,ok
064217ca4,2,2,ok
eb900ff8a,5,5,ok
fd48a560c,3,3,ok
c0771fde0,2,2,ok
f399cf0d2,5,5,ok
af1035c81,3,3,ok
39816161d,5,5,ok
45a59c4e9,5,5,ok
35c9855f5,4,4,ok
59c9f850a,1,1,ok
efb2cb92c,5,5,ok
189a8292b,2,2,ok
cd617c72c,5,5,ok
f05665d6d,2,2,ok
5906e36c5,5,5,ok
f026fa4b5,2,2,ok
f41112ee1,2,2,ok
cb15b5fb8,3,3,ok
799aad68b,4,4,ok
fbb112b7e,4,4,ok
4fb9fc3d1,5,5,ok
c39c602a7,5,5,ok
65650b974,5,5,ok
d06076338,5,5,ok
603fa62e1,1,1,ok
80bbb481b,4,4,ok
6dd91ba4d,5,5,ok
7f8f45a35,1,1,ok
890e7be2b,4,4,ok
40fdde0aa,5,5,ok
45c718348,3,3,ok
41c09806e,5,5,ok
d433a5827,1,1,ok
f48b3cebb,3,3,ok
91736f444,4,4,ok
559e15485,2,2,ok
a878a916e,5,5,ok
59e7b5f52,5,5,ok
271712276,5,5,ok
a4ebfdf22,5,5,ok
5a3599411,3,3,ok
96b39751e,4,4,ok
4409a68b9,5,5,ok
10a6c97d5,5,5,ok
ebdf19959,4,4,ok
0058586f1,3,3,ok
5da6b63bc,5,5,ok
d2dd7e8c2,1,1,ok
9ae0545c1,4,4,ok
006d301e9,4,4,ok
722beb3aa,3,3,ok
0ac2e7d16,5,5,ok
0c49c9df2,2,2,ok
047514286,5,5,ok
469bd2504,3,3,ok
4e290a43a,5,5,ok
89dd8e9e9,5,5,ok
5742d498f,4,4,ok
b47ab81c9,1,1,ok
81d97fa9f,2,2,ok
411792ceb,5,5,ok
d60dbdd7a,5,5,ok
8c7949266,5,5,ok
2e4eb9198,5,5,ok
16ff0c687,3,3,ok
a22c43e29,3,3,ok
b1239feb4,5,5,ok
5943167f1,3,3,ok
0133b0214,2,2,ok
0eaa0e3c6,1,1,ok
727b7e63a,5,5,ok
8390dbef8,1,1,ok
f45171393,4,4,ok
6d2c3b550,1,1,ok
f87c02978,4,4,ok
6268d4d68,5,5,ok
ee9c2fd46,5,5,ok
1250404cf,2,2,ok
89c7be602,2,2,ok
b8f60eb7e,1,1,ok
0e23c4abd,2,2,ok
1ce37d745,5,5,ok
61c5987cd,5,5,ok
0ea337520,5,5,ok
a9caf7e92,4,4,ok
aa1cf9c0c,4,4,ok
fa773690e,5,5,ok
6b240dd0b,5,5,ok
8fa705c07,2,2,ok
8c93a6e28,2,2,ok
603e173e1,5,5,ok
8ad59da0e,1,1,ok
aece30836,3,3,ok
9ede28a9d,5,5,ok
96e9f6fd8,5,5,ok
943bcd4db,5,5,ok
ca11826f9,1,1,ok
f8fb0aa55,2,2,ok
0e9eec98f,5,5,ok
b48460ef7,5,5,ok
d8d014d03,5,5,ok
f57a5c0ea,5,5,ok
85c65d28b,5,5,ok
843f45598,5,5,ok
21f945788,3,3,ok
b91ac808b,5,5,ok
b7910b841,3,3,ok
1e34e1ebe,1,1,ok
5042c6414,5,5,ok
81b753aaa,1,1,ok
2ddad75c0,5,5,ok
b6a16ab86,5,5,ok
27cd530db,5,5,ok
9c443e54d,5,5,ok
d919bd302,2,2,ok
2d33077f2,4,4,ok
e9df3ead7,2,2,ok
1bb6183eb,2,2,ok
0118db3a8,2,2,ok
1eeb50e8f,5,5,ok
b8bf2c090,5,5,ok
9a1715a97,1,1,ok
207c30391,5,5,ok
b75c41dd5,4,4,ok
4b9f45715,5,5,ok
cacbb858d,3,3,ok
c1ed7562f,2,2,ok
ebb34fea1,4,4,ok
6ade0f2fe,3,3,ok
f99149151,5,5,ok
ed44605a0,5,5,ok
31da37bc0,5,5,ok
91298d5cf,3,3,ok
8a99dadaf,5,5,ok
bd4500e6c,5,5,ok
fd279ad95,3,3,ok
7bf8a38ee,3,3,ok
e6821c448,5,5,ok
cd091f4cf,4,4,ok
598479067,3,3,ok
296bafb6e,4,4,ok
11b9089f7,4,4,ok
3a4178fe9,4,4,ok
1b71de34e,5,5,ok
052160ae6,5,5,ok
dcd75bfdb,3,3,ok
26662f4f9,5,5,ok
1e24f14d6,1,1,ok
747125bc9,3,3,ok
3f936cb8a,5,5,ok
3e2c46391,5,5,ok
ba6ea2d18,2,2,ok
edf80e3cc,1,1,ok
851302ab1,3,3,ok
27104e464,1,1,ok
7f5233804,4,4,ok
cbd066eaf,4,4,ok
194acc3f9,4,4,ok
ed5f14fda,2,2,ok
26e7f93e8,5,5,ok
b1db8335c,5,5,ok
4badb22cb,3,3,ok
c18106b39,5,5,ok
ec138f2a8,5,5,ok
261cbe336,5,5,ok
c3750cec1,5,5,ok
f642366b6,1,1,ok
b3c2305b0,5,5,ok
a52a7c357,4,4,ok
19470706b,2,2,ok
c6de9b701,5,5,ok
c011bc363,4,4,ok
1f9b856e0,2,2,ok
baf60f1bb,1,1,ok
9eb042155,5,5,ok
7dac377c6,1,1,ok
dd074b8ba,4,4,ok
19f4d65b7,3,3,ok
5457a593a,3,3,ok
578880eb3,5,5,ok
30669fef4,5,5,ok
8526200d3,3,3,ok
9f12dbf17,5,5,ok
27a776558,3,3,ok
c626f2f93,5,5,ok
e11e6cf89,2,2,ok
d38fca349,5,5,ok
e362e64bb,3,3,ok
b93a2c373,4,4,ok
785413d29,3,3,ok
bb9e47b4a,5,5,ok
400b56d39,5,5,ok
4ea111bbe,5,5,ok
3f222f11f,1,1,ok
b13db9ce8,4,4,ok
52ed9719f,5,5,ok
3ff23c65c,4,4,ok
c5b717bc2,5,5,ok
f0a1f2b90,2,2,ok
cd8af1bda,3,3,ok
ab13611c9,2,2,ok
f1164babb,1,1,ok
16dc1188b,3,3,ok
4195e3052,5,5,ok
2dccbfd25,5,5,ok
4d649e887,5,5,ok
07227963b,5,5,ok
62955be50,3,3,ok
ae16e308d,5,5,ok
2302acf06,4,4,ok
cdab9b66a,3,3,ok
1b4224c51,4,4,ok
515d9508a,1,1,ok
24750a30f,2,2,ok
2ba66d1e1,5,5,ok
ea6129e3d,1,1,ok
302d37427,5,5,ok
d70af36fd,1,1,ok
03b0568b3,5,5,ok
c49629a90,5,5,ok
8cc2eea7f,3,3,ok
d85a78cf9,3,3,ok
847a8b31d,1,1,ok
7316c548e,5,5,ok
a41b62aa8,5,5,ok
55f34f8f5,5,5,ok
6ae5689d3,2,2,ok
df07fa1b0,5,5,ok
baf49463a,5,5,ok
84efe95e8,4,4,ok
b780980c1,5,5,ok
a970b89c7,4,4,ok
8d650d311,5,5,ok
512bf1e8a,3,3,ok
941880ea3,5,5,ok
555e742f9,3,3,ok
97b9ee40b,3,3,ok
5b1e90385,1,1,ok
7c4b2e0c0,3,3,ok
ca0bf0760,4,4,ok
ab38d2296,2,2,ok
4c5dd1f7c,4,4,ok
7b9cd9253,1,1,ok
de59f42db,2,2,ok
eb77432cd,4,4,ok
0be5af159,5,5,ok
f94c2a347,2,2,ok
d7c6e0401,2,2,ok
ff5e30380,5,5,ok
6fecc5cf7,5,5,ok
f8e3f9ddf,1,1,ok
1aef9fc86,5,5,ok
1ea9285ea,2,2,ok
c62a2a817,3,3,ok
7a2ea6461,4,4,ok
e20655a10,5,5,ok
98437e7cd,5,5,ok
943e9242f,5,5,ok
b12e22341,5,5,ok
0e6f26f19,5,5,ok
ce788268c,3,3,ok
c9efae474,5,5,ok
9031a7f4c,1,1,ok
4529e91da,2,2,ok
08d17d82a,5,5,ok
900b47573,3,3,ok
eca179f5f,5,5,ok
f2fba72d2,1,1,ok
938bcf142,2,2,ok
181823d5f,5,5,ok
6469bb262,2,2,ok
e5bc7aaa8,3,3,ok
5e4c387b2,2,2,ok
246c3850a,1,1,ok
00b00d5c1,3,3,ok
85ca390a0,2,2,ok
27dd38817,2,2,ok
fbae7b0d5,5,5,ok
f6959f1ca,5,5,ok
56f62a309,5,5,ok
a34cf041b,1,1,ok
bad8f7276,3,3,ok
5c1890dc7,4,4,ok
37a11cc19,5,5,ok
1ce065496,5,5,ok
b1d1e399c,3,3,ok
375905770,3,3,ok
b7d4318d8,4,4,ok
870fc2931,1,1,ok
bef49a74b,3,3,ok
31144a6be,5,5,ok
3ee76f8a2,5,5,ok
c66f97de2,4,4,ok
63697128e,1,1,ok
3b2a0338e,1,1,ok
3dab3050c,3,3,ok
731a2ef80,4,4,ok
5d822305a,2,2,ok
0dca551f0,3,3,ok
f35a5dd35,5,5,ok
ab2c124e7,3,3,ok
c444c2936,3,3,ok
c29a364bc,5,5,ok
504134fd6,2,2,ok
6d9b202c9,5,5,ok
5163abb6e,5,5,ok
cef342d22,4,4,ok
8dc7b3ffa,1,1,ok
629df03ce,2,2,ok
b8acb4269,5,5,ok
5d45dae82,5,5,ok
6c8487ccb,3,3,ok
6aeef2649,2,2,ok
3feae3fb7,5,5,ok
d09835201,5,5,ok
1a6becd27,5,5,ok
706a9cd5c,1,1,ok
029c248a5,5,5,ok
89bdd90b8,3,3,ok
960f1a1d8,5,5,ok
fbcf2baea,1,1,ok
c86c76857,3,3,ok
e5cf352b2,3,3,ok
c23b2926e,3,3,ok
33eaf34b3,1,1,ok
8dd8e4a4f,5,5,ok
9d03d5988,4,4,ok
2418f7929,5,5,ok
ac59f3533,1,1,ok
250f59089,5,5,ok
50e061767,5,5,ok
c79c98af1,3,3,ok
1fdf2880b,2,2,ok
d7a772967,5,5,ok
1ce681aa7,5,5,ok
aaf465c30,5,5,ok
4bcc7910d,2,2,ok
232aee73d,3,3,ok
fded1ee28,5,5,ok
0a8fc6614,3,3,ok
31081d71d,4,4,ok
f4316f2bc,5,5,ok
be4acc363,5,5,ok
818d4a56e,4,4,ok
26716b324,2,2,ok
fb9a1cf69,5,5,ok
9a65d163b,4,4,ok
8f72b332c,5,5,ok
b32339429,5,5,ok
06666dc09,3,3,ok
cb05f298c,2,2,ok
3bf7bccc9,3,3,ok
0af536283,4,4,ok
886d23c56,5,5,ok
54791dc58,3,3,ok
a2b2abe02,5,5,ok
23c4874d8,2,2,ok
0428af8ea,5,5,ok
43156136a,3,3,ok
f0c26af32,3,3,ok
efd269df8,1,1,ok
e9e9c9efe,3,3,ok
ded3b183c,2,2,ok
2a92877f7,3,3,ok
765039f34,5,5,ok
3e2cc2690,5,5,ok
b0855d1dd,3,3,ok
e1cd37f6c,4,4,ok
d8de3a329,4,4,ok
2d5eababe,1,1,ok
003dd2e26,3,3,ok
a8f17e0de,2,2,ok
45bec4a13,5,5,ok
98ae607d8,5,5,ok
c292a8b67,2,2,ok
b56b73e4c,3,3,ok
923a7163c,3,3,ok
c72bd65dc,5,5,ok
622f08247,4,4,ok
68936da8c,2,2,ok
13dbd2170,1,1,ok
660742236,5,5,ok
176516c7a,5,5,ok
46c44f7bc,3,3,ok
d336e6953,5,5,ok
9a3224461,5,5,ok
d41773368,5,5,ok
4c631dbf7,3,3,ok
97d823486,2,2,ok
3497c1ad0,5,5,ok
24ee3b57d,4,4,ok
f5bcc82f8,4,4,ok
bd53ebc9a,5,5,ok
728ed1c0e,1,1,ok
8c2d37546,4,4,ok
756eaf5eb,5,5,ok
37965a7c3,5,5,ok
30507c621,4,4,ok
67e8df1d3,5,5,ok
2eaab0cb1,5,5,ok
15f00daac,2,2,ok
1b91e1082,5,5,ok
628e30f3b,5,5,ok
bde1336b6,1,1,ok
f91ffd577,1,1,ok
39fc7e6d8,4,4,ok
9cd7bfaa6,1,1,ok
3285d041f,2,2,ok
c3b89c2e8,4,4,ok
c7d02bfca,3,3,ok
e8261c38c,5,5,ok
a7fd7a703,5,5,ok
863947277,3,3,ok
c56432da8,2,2,ok
2bea067f2,5,5,ok
8e01a6de2,5,5,ok
eaef39ceb,5,5,ok
7ead795bb,2,2,ok
1069c72a9,5,5,ok
dd79180bc,3,3,ok
37ea8d2db,5,5,ok
4370b5ff7,5,5,ok
ee5ceb065,3,3,ok
a4b96c3f3,2,2,ok
c08403e9f,5,5,ok
3c2e29219,5,5,ok
122b47acc,5,5,ok
21f4a6abf,4,4,ok
166345ac8,2,2,ok
a87f5839e,4,4,ok
5a358b56f,5,5,ok
4c1981df1,1,1,ok
03edf613f,3,3,ok
888c22eb5,5,5,ok
f64f8a464,5,5,ok
44ddc2e22,1,1,ok
8b9d9a18b,5,5,ok
f2be40d43,2,2,ok
4036e0e12,5,5,ok
21206933c,5,5,ok
aa3409a07,3,3,ok
a6cbd39c2,5,5,ok
7611934a0,1,1,ok
e9cfb355a,1,1,ok
02fee7295,2,2,ok
79f41f755,5,5,ok
65266fe36,3,3,ok
7d6847fba,1,1,ok
a0c332aaf,3,3,ok
f87489d3e,4,4,ok
53964c5d0,5,5,ok
7e8bab7a5,5,5,ok
16002dd9b,4,4,ok
382d948b1,2,2,ok
3083ab744,4,4,ok
cd7ee75c5,5,5,ok
3fbc4677d,5,5,ok
6bd434dc9,3,3,ok
ec8c5413b,5,5,ok
c5b782f4e,2,2,ok
705a6dffe,3,3,ok
a7f58a6e4,5,5,ok
e1f08c5b2,2,2,ok
eda8eecc6,5,5,ok
de97498e6,5,5,ok
0cce7d218,5,5,ok
e3b6b7d2e,5,5,ok
ba54e88a9,3,3,ok
0b817da84,1,1,ok
000fb9572,5,5,ok
460edc419,5,5,ok
d66a55b13,5,5,ok
331a745e8,5,5,ok
fde58f7fa,5,5,ok
33ddc2011,1,1,ok
b7df87757,3,3,ok
53bcfd67d,5,5,ok
a19eea86b,5,5,ok
f70251906,5,5,ok
b268202d8,5,5,ok
29193bf76,5,5,ok
c85f29411,2,2,ok
355cc5db7,1,1,ok
f93283e0c,4,4,ok
dba5f0e5c,2,2,ok
28ce3c3ea,2,2,ok
27c5bfcf1,5,5,ok
28ef05fe6,2,2,ok
f27a94272,2,2,ok
4d3e3a146,5,5,ok
f98750599,1,1,ok
6cfd5f1b5,4,4,ok
69f4a00df,3,3,ok
12653b9bc,3,3,ok
a963b8732,2,2,ok
a3cc5de2b,5,5,ok
706d1c836,1,1,ok
4c6048341,5,5,ok
32ad56035,3,3,ok
1663d062c,5,5,ok
742cced96,5,5,ok
b16b24c21,1,1,ok
0ed23a049,5,5,ok
200a0df49,3,3,ok
a99e4b365,5,5,ok
ecd574ddb,5,5,ok
560232264,4,4,ok
cae004390,5,5,ok
1927c2ed2,4,4,ok
403cf8d32,4,4,ok
41487b069,5,5,ok
53f434ae8,5,5,ok
8d047d078,1,1,ok
8cd96bf75,3,3,ok
04af86059,3,3,ok
a4c8f64c1,4,4,ok
b533529a6,5,5,ok
d870d5767,5,5,ok
7e1af1787,5,5,ok
00c71a320,2,2,ok
27a7a1795,2,2,ok
65f311c09,2,2,ok
5b3559bf2,1,1,ok
e87214dd2,5,5,ok
49fac4dc6,2,2,ok
457de178d,3,3,ok
e8ee48e12,3,3,ok
b102f525b,3,3,ok
83dff4077,5,5,ok
283ce4b9b,5,5,ok
3e6fa700b,5,5,ok
14084c784,2,2,ok
5f19552c0,5,5,ok
01c202740,5,5,ok
076ec7e18,1,1,ok
2fc5c49c1,5,5,ok
bb0dddcf2,3,3,ok
207c24fd3,4,4,ok
71419d422,2,2,ok
86c08e68b,4,4,ok
9a798bc44,3,3,ok
076a67405,1,1,ok
9c70eee7b,1,1,ok
f19658d12,5,5,ok
dfb0b0928,5,5,ok
009239f92,5,5,ok
e7dca0b2b,5,5,ok
ac7edef88,3,3,ok
a2c44393c,5,5,ok
fb82bfecd,2,2,ok
32ac38a9f,5,5,ok
037b1c131,4,4,ok
b7d2f8186,5,5,ok
3a88e6c8f,1,1,ok
1cdb5d61f,5,5,ok
791e6dc19,1,1,ok
b2566d195,5,5,ok
2ece6b26b,4,4,ok
9bb035799,2,2,ok
642b0dbac,2,2,ok
97e47e7c0,5,5,ok
a8ba4dfa1,2,2,ok
443682c9f,3,3,ok
de445d837,1,1,ok
648727065,5,5,ok
3f3962d65,3,3,ok
edb154f1c,5,5,ok
f4948a23d,4,4,ok
ece99daf7,3,3,ok
c0858dfca,4,4,ok
f3b29563b,3,3,ok
92c42a055,5,5,ok
8e7c16add,2,2,ok
46d9b2934,5,5,ok
23379775f,5,5,ok
6d1d7bcd8,5,5,ok
6c736e9c1,5,5,ok
f69bd4b27,5,5,ok
e9ec4d543,5,5,ok
0b01864e2,3,3,ok
3a7bcfea4,3,3,ok
a2c9be724,5,5,ok
82a97cd8d,1,1,ok
199fd5d5f,4,4,ok
f000f169a,1,1,ok
8eece1c0c,5,5,ok
29ffe21fe,5,5,ok
cb474120b,4,4,ok
d9033fea0,5,5,ok
eee0b299c,2,2,ok
8f32c880e,4,4,ok
3695274de,3,3,ok
0cdb80095,5,5,ok
b63d76ef4,5,5,ok
e27ac6865,5,5,ok
d42b92c05,2,2,ok
22d9719f8,2,2,ok
9feae89ad,5,5,ok
4792b6d06,5,5,ok
8ccaceef5,4,4,ok
bc2fdee71,3,3,ok
984efb177,5,5,ok
f5bbf322d,2,2,ok
f5d7daf1a,5,5,ok
1cd970978,2,2,ok
07558410c,5,5,ok
abe9e2d91,1,1,ok
90489eccb,1,1,ok
8054aad26,4,4,ok
adb97bde0,5,5,ok
97f0a97ef,1,1,ok
092fa68bd,5,5,ok
e488a36cf,2,2,ok
081c2daa0,3,3,ok
3a9efa973,1,1,ok
906083f6c,2,2,ok
02468e968,5,5,ok
fd8f64c6d,5,5,ok
89bec6af3,5,5,ok
872d79999,4,4,ok
73a17e201,2,2,ok
176ef71db,5,5,ok
094c2c3bf,2,2,ok
b560efa40,5,5,ok
940b0ad69,5,5,ok
a40116bf1,2,2,ok
5c4742e35,5,5,ok
16472756f,2,2,ok
d2dbe8b09,5,5,ok
f555570eb,1,1,ok
fc8c8d169,5,5,ok
ff125cf8d,1,1,ok
e617dd078,5,5,ok
0fe8ffc8e,5,5,ok
c05adb8fe,3,3,ok
79ef1fd27,5,5,ok
ded8d95c0,1,1,ok
60f9fee55,4,4,ok
feb06d776,4,4,ok
357707ba7,1,1,ok
734123308,5,5,ok
1cc98ed1d,5,5,ok
9fe96f804,5,5,ok
bc4b95345,5,5,ok
3163e9acf,3,3,ok
8f22842c0,3,3,ok
e998d6d60,4,4,ok
e6b28fc29,2,2,ok
a55f8d58a,1,1,ok
8b6690d89,3,3,ok
3666cdd80,5,5,ok
a8c555240,4,4,ok
7f771cce5,5,5,ok
951352bea,1,1,ok
39b3fe88f,3,3,ok
1da4026cd,5,5,ok
9e1caf559,5,5,ok
4f75e3aa2,3,3,ok
fa73b1181,4,4,ok
37a8dcdce,5,5,ok
4ffbe0538,4,4,ok
80cedf6b9,5,5,ok
b96e5f6a6,1,1,ok
7630f3d6c,5,5,ok
cfd4c95d9,2,2,ok
630fe24e7,5,5,ok
c504cbfd4,2,2,ok
51a0d55ba,5,5,ok
dae13a47e,5,5,ok
fe1edf930,4,4,ok
206db8d8d,3,3,ok
dc4e92b83,2,2,ok
245434d5d,1,1,ok
05ab54e3c,4,4,ok
e0e392bfb,5,5,ok
d596aea32,2,2,ok
377d9bef6,2,2,ok
35bb8ee8f,1,1,ok
ecba82fc3,5,5,ok
7daf7af9c,3,3,ok
382b4212b,3,3,ok
a72ca4ed6,5,5,ok
467aed7e3,5,5,ok
800680beb,4,4,ok
5b73a7ea8,1,1,ok
63adeea51,5,5,ok
b869dec56,5,5,ok
ae089cd20,2,2,ok
9cf741863,3,3,ok
be579e6ed,5,5,ok
308a16b6e,2,2,ok
6c83d00bf,3,3,ok
d1db8712e,2,2,ok
f3c42e04b,3,3,ok
650f2854b,5,5,ok
d22eb6266,4,4,ok
d1052eb2d,5,5,ok
31104de48,3,3,ok
43b277272,5,5,ok
cb9aa1b3a,3,3,ok
db4995bf8,2,2,ok
74f987b01,5,5,ok
7e3680561,1,1,ok
112ae92e0,4,4,ok
46f656f13,5,5,ok
3b1976326,5,5,ok
e5317b212,5,5,ok
0bf9dfa21,4,4,ok
4ec25bc3b,4,4,ok
6d18cc71d,5,5,ok
cb0f41a00,5,5,ok
31e2399a9,4,4,ok
82ea3883e,5,5,ok
a25c1fe02,4,4,ok
91ef9278d,4,4,ok
ac31057e6,3,3,ok
fd32ce3ef,1,1,ok
3e3743dc7,5,5,ok
3a97c693e,5,5,ok
b4835265a,5,5,ok
6f665c704,5,5,ok
97bb6502c,3,3,ok
f376f922e,3,3,ok
8af1b11ce,2,2,ok
1e39a9ea7,4,4,ok
d38ce48c2,5,5,ok
bea0802eb,2,2,ok
c9595d1f6,5,5,ok
ddc3af1ee,5,5,ok
6464f2352,1,1,ok
ac6d69d99,5,5,ok
99be827e6,3,3,ok
76c073021,5,5,ok
2455effb8,5,5,ok
8ff66c239,5,5,ok
4d7dd6115,4,4,ok
fa7c7d1be,4,4,ok
88819fc55,1,1,ok
8af4db3f3,4,4,ok
5a828ec3e,5,5,ok
e56dc823a,5,5,ok
24731a12c,2,2,ok
66757255c,1,1,ok
5c039d8c1,5,5,ok
9e3e99760,3,3,ok
eb4eef57a,3,3,ok
49113adb2,5,5,ok
093cce3a1,3,3,ok
4e9a13862,1,1,ok
3816b16b4,5,5,ok
1539be087,3,3,ok
5ba0605b9,2,2,ok
d6c60a52d,3,3,ok
ab48d21e0,5,5,ok
83166fea8,5,5,ok
a89fd1f1e,5,5,ok
40b31be60,4,4,ok
d1265050f,5,5,ok
4ec9289df,2,2,ok
3a3ae56f1,3,3,ok
e46373e2e,2,2,ok
f3755376e,2,2,ok
3d6f14681,2,2,ok
e333feca8,5,5,ok
649930cc8,1,1,ok
9b11972b0,5,5,ok
6d18707ee,5,5,ok
eb90062ec,1,1,ok
461185d51,3,3,ok
63fda9824,1,1,ok
f9715a897,3,3,ok
f304e7fb3,1,1,ok
d4ec04b8e,5,5,ok
dbf579546,4,4,ok
fc2925be3,5,5,ok
2e9a53eb0,2,2,ok
0f15ed6ab,3,3,ok
933da53ee,5,5,ok
4f6a0e54d,3,3,ok
7bda94ad0,5,5,ok
d14d62508,2,2,ok
a90da3a12,1,1,ok
3759a1d40,2,2,ok
27ef6e605,1,1,ok
060b52c3b,5,5,ok
7ecaa8636,1,1,ok
00b23513e,5,5,ok
71f245b82,1,1,ok
ff3d455a0,4,4,ok
00e50c7a7,3,3,ok
6341e0577,5,5,ok
d8664fb93,1,1,ok
65d10be4d,3,3,ok
783a31182,5,5,ok
f600368fb,3,3,ok
c32eb7405,5,5,ok
3ee594f5a,5,5,ok
05febeea3,3,3,ok
d92c5c2df,5,5,ok
198a73c5e,1,1,ok
393198f9d,5,5,ok
d4bffbe04,3,3,ok
1f7c7c248,1,1,ok
457bdfb16,5,5,ok
da4da9308,3,3,ok
18cd75354,1,1,ok
0eade2f7c,1,1,ok
364e3ac89,5,5,ok
0ce80622f,1,1,ok
619f26bfc,4,4,ok
1d1f2ed1b,4,4,ok
be7b65c23,5,5,ok
e454518b8,5,5,ok
d57b8c2fe,5,5,ok
1534419ad,1,1,ok
1e1727250,5,5,ok
0b3b23c20,1,1,ok
71e5aca0a,1,1,ok
2b3fc0265,2,2,ok
e825b8b9f,2,2,ok
b6004bb5d,5,5,ok
da5ae6aa9,5,5,ok
8132fabfd,5,5,ok
282139c6d,2,2,ok
19d68bcc8,2,2,ok
268cdb435,1,1,ok
fdffad0c0,4,4,ok
bf456451e,5,5,ok
9ceada263,2,2,ok
9495fed48,5,5,ok
b26bf64a6,1,1,ok
d3ec31e51,3,3,ok
71e96f977,3,3,ok
11a3fb06e,2,2,ok
88cdc9a60,5,5,ok
53b996932,5,5,ok
3c8468196,5,5,ok
1fba191e3,5,5,ok
95b24de4a,3,3,ok
640e18ef0,1,1,ok
780dff088,1,1,ok
236824e39,5,5,ok
daeac2b84,5,5,ok
15dc4c629,5,5,ok
ef9154afe,5,5,ok
b48b65ef2,1,1,ok
9102809eb,2,2,ok
0b110b315,4,4,ok
e40368c38,4,4,ok
c68bc0253,2,2,ok
f64a1a0c4,5,5,ok
c36ffffdc,5,5,ok
8d83c952c,5,5,ok
5fc06cf73,5,5,ok
6fcee4bee,5,5,ok
3604fc814,1,1,ok
ebe1f2665,5,5,ok
b66a74309,1,1,ok
3fd75e77d,5,5,ok
288445cbd,5,5,ok
2485efd0a,1,1,ok
b0a24f910,5,5,ok
0ff7245bd,5,5,ok
0fc2dc3cb,2,2,ok
4cbc3433e,3,3,ok
a8a3c4f49,4,4,ok
3308b3980,3,3,ok
8c75e5189,4,4,ok
1c4afcc03,1,1,ok
b5ce44276,3,3,ok
6aa6cfaaa,5,5,ok
faca11616,5,5,ok
c1680e63c,1,1,ok
fa27f275a,4,4,ok
1a51506e1,5,5,ok
fe4b30cfb,3,3,ok
c6d39a0fa,4,4,ok
bea8484a3,1,1,ok
0d4e58071,5,5,ok
bca099371,3,3,ok
1aa3952c1,4,4,ok
db3fce97e,5,5,ok
f0063c5b6,3,3,ok
600f8eb25,4,4,ok
15e5b6d26,5,5,ok
17c4b0394,1,1,ok
40843af1e,2,2,ok
f7b84bc3b,2,2,ok
873996ad0,3,3,ok
f3b4e3f5c,5,5,ok
4a1702099,3,3,ok
f7ada8363,5,5,ok
c135c6b15,5,5,ok
dd308e46b,1,1,ok
bea72e6c5,5,5,ok
f58424835,5,5,ok
7f08520d7,5,5,ok
0c28877b7,4,4,ok
c4d225c88,4,4,ok
6db506983,5,5,ok
3e101e353,5,5,ok
0c862b8a3,2,2,ok
15b6026b1,5,5,ok
a116545f6,1,1,ok
a3449e0d0,3,3,ok
c0545b660,1,1,ok
6fc2970d6,4,4,ok
1d5870131,3,3,ok
14fb52f07,5,5,ok
cbefe3979,5,5,ok
e3672355d,1,1,ok
f104f8045,3,3,ok
1253241be,5,5,ok
f7bf646ee,5,5,ok
d09a7dda3,5,5,ok
720db9cb3,1,1,ok
15592a54c,4,4,ok
0063bd7e0,2,2,ok
ef70f3263,4,4,ok
98caf2809,5,5,ok
205dd56e1,1,1,ok
4e1033fe2,5,5,ok
093a35049,3,3,ok
300c91d3a,4,4,ok
bbcaecdd4,5,5,ok
ad6e56af2,3,3,ok
b41d5c9c4,5,5,ok
e99eda1f6,3,3,ok
f3a9092a2,5,5,ok
c34b20922,1,1,ok
1cc66d907,3,3,ok
de08c8d31,5,5,ok
e303359a7,4,4,ok
1f470d9f4,5,5,ok
bcf13ec9d,5,5,ok
61f0927c3,1,1,ok
a86f09670,5,5,ok
b35c61109,3,3,ok
46c5fd256,5,5,ok
dde3750a1,3,3,ok
923da13c4,3,3,ok
ba4811f35,1,1,ok
8b0ea16a5,3,3,ok
b76e8c452,5,5,ok
03d59fc21,3,3,ok
531452675,5,5,ok
9849173ee,5,5,ok
514e33268,4,4,ok
75f582ad6,4,4,ok
6967987d5,2,2,ok
764837930,5,5,ok
94fc65b67,5,5,ok
bcec3d919,5,5,ok
6f863a03a,1,1,ok
e742a643d,5,5,ok
150bf58e2,5,5,ok
f60779a3b,5,5,ok
fcf5f5a0d,3,3,ok
75bfbc825,2,2,ok
5aeba57be,2,2,ok
a4ba78b62,3,3,ok
a8d14470d,3,3,ok
a6fc65f2d,2,2,ok
d5c68b3bf,4,4,ok
2de32b48a,2,2,ok
44817c8f4,3,3,ok
c6cdbebfa,3,3,ok
122092781,4,4,ok
1652a3e1e,3,3,ok
332ae5ab2,4,4,ok
41e4cc1de,2,2,ok
8dfe4da6a,5,5,ok
c06d167ca,5,5,ok
3219ad064,5,5,ok
a9551ed6d,2,2,ok
09af85878,3,3,ok
796382bf4,3,3,ok
678d21531,5,5,ok
7aa58b134,5,5,ok
2f3d368d3,2,2,ok
d3692d2b2,2,2,ok
c8bc66245,3,3,ok
d096658bb,5,5,ok
27ab49f1a,1,1,ok
26d0bfe44,1,1,ok
1dff1959b,3,3,ok
4f5205d2b,1,1,ok
c6c8c73e5,5,5,ok
040736f83,5,5,ok
9b8a35f8b,3,3,ok
e2b5913e7,3,3,ok
ac52ba660,5,5,ok
923a03e90,5,5,ok
408d4d8e0,2,2,ok
fed3c719a,3,3,ok
01dac4b22,1,1,ok
efeabd288,5,5,ok
4540f8e9c,5,5,ok
3ed60e624,5,5,ok
b7135cf44,5,5,ok
a5205f8ab,4,4,ok
1b3492bde,4,4,ok
de35c9f48,3,3,ok
3e242ed8c,5,5,ok
f8e3fabe6,5,5,ok
1076dcc35,3,3,ok
6c44c99ef,3,3,ok
797725280,4,4,ok
3006cd3eb,5,5,ok
daa73505c,3,3,ok
cd7bea671,3,3,ok
f35683806,3,3,ok
121c5faca,5,5,ok
811b66c3e,5,5,ok
eeb60466e,5,5,ok
30319970f,5,5,ok
e4ab25214,3,3,ok
35ec69571,3,3,ok
7d86df9b0,4,4,ok
695ae7cbe,5,5,ok
1c07c6ee5,1,1,ok
9725bf4d2,4,4,ok
9f1ba804c,5,5,ok
45ba264f2,5,5,ok
5ab4a7a66,4,4,ok
19cd32fd6,4,4,ok
ee8ddae7b,1,1,ok
b4d0c60b6,5,5,ok
e4aadf23c,3,3,ok
32efae9d5,1,1,ok
92b89a666,3,3,ok
181fb7dae,3,3,ok
e653e3c51,4,4,ok
8e8080bbe,5,5,ok
5d00ca4d0,5,5,ok
4fbe0c2e5,3,3,ok
2aaa0c8b6,1,1,ok
85fc3c314,5,5,ok
02a13b2cb,3,3,ok
f50997846,5,5,ok
08fc1372f,4,4,ok
e66ee4be8,2,2,ok
f5fd255aa,5,5,ok
ba7ae0448,3,3,ok
c1e816568,5,5,ok
23d2b8824,3,3,ok
0b90767fa,4,4,ok
d65b5a052,5,5,ok
5e5038eb5,4,4,ok
fa94b21d1,5,5,ok
fcdfc6cdd,3,3,ok
9eb98f34c,5,5,ok
85327438d,5,5,ok
0164a9cfb,5,5,ok
8910ea0f4,4,4,ok
4c26cf05d,5,5,ok
283d778d2,3,3,ok
bfb19deda,2,2,ok
ae6a2116c,1,1,ok
6f93a41c5,4,4,ok
9e4420002,5,5,ok
24fad6b0b,5,5,ok
c96423707,5,5,ok
933b2b3d4,3,3,ok
64904cb52,4,4,ok
e4e5ea1d2,5,5,ok
c27c5a029,4,4,ok
e2e5b8ae2,2,2,ok
fed43b600,4,4,ok
ea433c341,2,2,ok
e1b0baf8a,4,4,ok
9827921f8,4,4,ok
fc32f63d1,5,5,ok
7c9e666a7,3,3,ok
7821d724c,4,4,ok
ec30a3b11,5,5,ok
e92d3d4cf,4,4,ok
b30bcaab6,5,5,ok
5bc5b43ae,5,5,ok
9c1b4bb55,2,2,ok
f8b702182,1,1,ok
cac68ead1,5,5,ok
3a916e954,4,4,ok
83b705aaa,5,5,ok
c8daba029,3,3,ok
7fd44f9f3,5,5,ok
3bedb1ef9,5,5,ok
9edb2d79a,4,4,ok
6d1c281f9,5,5,ok
d605fa35d,2,2,ok
b5aa74c6a,5,5,ok
1fe400328,2,2,ok
ae6db87d4,2,2,ok
348665874,5,5,ok
e0efe2c72,4,4,ok
448770499,1,1,ok
e301ab49c,4,4,ok
88c193102,5,5,ok
41e792442,3,3,ok
1ff51137d,5,5,ok
117059fe3,5,5,ok
68a603bc3,3,3,ok
ba021efa9,5,5,ok
37ae0cd69,2,2,ok
172d395a5,2,2,ok
d4ae1eedd,1,1,ok
a72a34bdf,5,5,ok
ca659fd81,2,2,ok
d59322d58,5,5,ok
fe1c36fb1,2,2,ok
746fb982c,4,4,ok
1f2065428,5,5,ok
7977491da,2,2,ok
870e7158b,3,3,ok
03a3fb084,3,3,ok
35fdb89c9,2,2,ok
259dc7e9a,4,4,ok
79314275c,1,1,ok
60bf93971,3,3,ok
15ee5f008,1,1,ok
382e4bddd,3,3,ok
b05d0484f,5,5,ok
3653c9384,4,4,ok
4e774a9c7,4,4,ok
b38e94f39,5,5,ok
22e507b33,1,1,ok
9bfddbc4c,5,5,ok
405b63ca5,5,5,ok
eb4f09e0e,5,5,ok
5980b0699,4,4,ok
49303270e,5,5,ok
28d20bc71,5,5,ok
43fe381b3,5,5,ok
eea0cb464,5,5,ok
9ad6f6fae,5,5,ok
747c82f83,5,5,ok
0833744e6,1,1,ok
002230dea,4,4,ok
e40073625,4,4,ok
7a0942d61,2,2,ok
485bebd4f,5,5,ok
508df8433,5,5,ok
374b76068,2,2,ok
a32e58f2f,4,4,ok
cfb8b6b93,3,3,ok
9185b2ed3,5,5,ok
c82b8b2c4,2,2,ok
e9b1363e5,5,5,ok
4745e5286,2,2,ok
ed8703dd2,5,5,ok
b73079713,1,1,ok
de19fca23,3,3,ok
96ad633d6,3,3,ok
703105908,5,5,ok
39d055888,2,2,ok
30ca259ed,5,5,ok
3fbc3ca27,4,4,ok
d5262ce2b,4,4,ok
10022add6,5,5,ok
3befd2af6,2,2,ok
105fd5ad7,3,3,ok
833408fc5,3,3,ok
3b1009a30,4,4,ok
21fcd15c6,5,5,ok
1bf4a2ca7,5,5,ok
2bdf3471b,5,5,ok
9296eb09d,2,2,ok
4be1b15fb,4,4,ok
df89a82ab,5,5,ok
7810092ba,3,3,ok
01c6d3224,5,5,ok
2bbca459e,1,1,ok
4059df1bf,3,3,ok
f0e2f80c5,4,4,ok
9d84fc0c5,5,5,ok
04b073592,5,5,ok
1ca147dd8,2,2,ok
0c3f6001a,5,5,ok
143760a33,1,1,ok
db6082ae6,2,2,ok
f6fac7b56,5,5,ok
47aacf137,5,5,ok
0a13e47c3,4,4,ok
a73915bd2,5,5,ok
263e34731,5,5,ok
eac9739c8,3,3,ok
3b3ce72d1,2,2,ok
c1816081f,1,1,ok
9c91ae76a,5,5,ok
ab385bfae,5,5,ok
311ee8343,4,4,ok
85f63b533,3,3,ok
822193428,5,5,ok
27b5a9db5,3,3,ok
760c7d8ac,3,3,ok
27e74e45c,5,5,ok
fabc9bfec,3,3,ok
4331ce278,5,5,ok
6dd6775e2,3,3,ok
ea2542b58,2,2,ok
c5aeec694,2,2,ok
30506e8c1,1,1,ok
e24a30aaa,1,1,ok
f1fb9506a,3,3,ok
62887c0ea,5,5,ok
896e76b69,5,5,ok
22987c7fb,5,5,ok
a8a2aecc3,5,5,ok
ff7707a35,2,2,ok
60d72fc85,2,2,ok
8b9c38ed2,5,5,ok
f4fb11803,1,1,ok
ddd926335,1,1,ok
db9af2894,5,5,ok
82905a82e,3,3,ok
cc8bf5e79,5,5,ok
b9aead110,3,3,ok
4752b5e0c,5,5,ok
4f34d790b,2,2,ok
02f63f8ff,4,4,ok
409d5bc3d,3,3,ok
6831a72fd,2,2,ok
85952663a,2,2,ok
603d1d51c,4,4,ok
8f860b014,3,3,ok
d653ae654,3,3,ok
5e390710c,5,5,ok
7a23bdbdc,3,3,ok
c79019195,5,5,ok
7ea357093,4,4,ok
65a7711bd,3,3,ok
71ec53012,4,4,ok
10ba7efac,5,5,ok
8947bf4b9,5,5,ok
a9e4d6df7,4,4,ok
adfa73768,2,2,ok
49ba2ccff,5,5,ok
5fc71c87e,2,2,ok
6fbfd7f45,5,5,ok
c6df796ba,2,2,ok
88dbaffe0,1,1,ok
63a542d16,5,5,ok
94fa9ff25,1,1,ok
029641a1a,5,5,ok
6fe7448a5,1,1,ok
53fba6573,3,3,ok
e681e0cbf,4,4,ok
948f580dd,5,5,ok
00eced1f0,1,1,ok
8100c2485,3,3,ok
52d0469f8,5,5,ok
e66d0c392,5,5,ok
81c442177,2,2,ok
be07596c5,4,4,ok
ae84e47c8,4,4,ok
e669e318d,2,2,ok
775da0afe,3,3,ok
311157c79,5,5,ok
a6c7f3a13,5,5,ok
25ebacf03,4,4,ok
b0b9f2902,1,1,ok
156da1714,5,5,ok
dd065921b,5,5,ok
fe41e15d5,4,4,ok
1bf1f95ef,1,1,ok
eddac3328,5,5,ok
a977f3331,5,5,ok
8bbf5133b,5,5,ok
eb6bb82fd,5,5,ok
09807c555,5,5,ok
de61ca522,4,4,ok
c2fc23444,5,5,ok
730a09014,3,3,ok
9c64232b3,2,2,ok
d37659c5d,3,3,ok
6ca8be82b,4,4,ok
bb32a589b,1,1,ok
d1338d152,5,5,ok
6f3f2899c,1,1,ok
015fdb354,5,5,ok
a2ac8316b,5,5,ok
aaadb1aac,2,2,ok
5f6931436,4,4,ok
451bf38f1,3,3,ok
00648f96f,2,2,ok
8ae60c34e,3,3,ok
efbe1f3ef,5,5,ok
881aefbb9,5,5,ok
babf0f6cd,5,5,ok
3bef65169,4,4,ok
493ab5d96,3,3,ok
5ea1f2c39,5,5,ok
a2a6b4117,4,4,ok
d4e9f53c9,5,5,ok
a9092993a,5,5,ok
5bfb8da14,5,5,ok
75f7beaf2,5,5,ok
3dc8f1328,1,1,ok
53abff075,1,1,ok
18556365a,5,5,ok
2608428d8,4,4,ok
40276ec6a,5,5,ok
229beedff,2,2,ok
6e21edd32,5,5,ok
975091325,2,2,ok
c213bcac3,4,4,ok
eff6d721e,5,5,ok
0627105f6,2,2,ok
fd71f9fb4,5,5,ok
799c6852c,1,1,ok
86228db7e,5,5,ok
5242038c7,5,5,ok
5569b346f,5,5,ok
7f59b246d,5,5,ok
02a084920,1,1,ok
9403ac24d,5,5,ok
f069c7c28,5,5,ok
2db964259,1,1,ok
0ede86b28,3,3,ok
16316fb49,3,3,ok
c6f39e0e4,3,3,ok
fd60c4aa4,4,4,ok
6120ace5c,2,2,ok
992170cac,2,2,ok
af6364af9,5,5,ok
c7f20f68c,4,4,ok
453cf6271,5,5,ok
0c64363af,4,4,ok
c5e4cfab0,3,3,ok
a64ca36ca,2,2,ok
43c623f94,1,1,ok
46a5f0ba6,4,4,ok
6e61a7b46,4,4,ok
4f735cd71,5,5,ok
3085ca2c6,4,4,ok
86aeb2732,3,3,ok
1a0ee9580,5,5,ok
19926213a,2,2,ok
eb1286b1c,5,5,ok
23f45d56f,3,3,ok
bdcd82280,3,3,ok
9fe4f4b78,5,5,ok
ec4351554,2,2,ok
7f5cb9583,4,4,ok
1772727a1,2,2,ok
682cbe0f9,3,3,ok
1e4b7018a,5,5,ok
938de268a,3,3,ok
f612d5506,4,4,ok
d3f157880,1,1,ok
36731724b,4,4,ok
5bfbb098d,4,4,ok
ec5670386,2,2,ok
27ec72a29,2,2,ok
1aabe595c,5,5,ok
aa03b987e,5,5,ok
e73545fe5,2,2,ok
bb74d75c2,1,1,ok
a6fea1d1a,1,1,ok
78fd8ce0d,2,2,ok
3c25f4969,2,2,ok
52d65015d,1,1,ok
9579ad7a1,2,2,ok
eb6c579d5,2,2,ok
006ffebaf,5,5,ok
f51667d46,4,4,ok
e3a29829f,2,2,ok
63f28922e,5,5,ok
7df56218d,5,5,ok
71f895aa2,3,3,ok
78dff2667,1,1,ok
9141b7803,5,5,ok
b574af70f,5,5,ok
0faf7f0ae,4,4,ok
5ecdd04af,3,3,ok
02d6020a9,2,2,ok
b3995ad50,2,2,ok
04a555b91,2,2,ok
2ba9dfe93,1,1,ok
d88f3ee34,3,3,ok
5b928c0a6,3,3,ok
5f5d44f43,3,3,ok
b1e590596,2,2,ok
620ebd7ab,5,5,ok
b984a461b,5,5,ok
2c15f3086,4,4,ok
67f174628,4,4,ok
d95eabfe9,2,2,ok
ff0b61121,3,3,ok
e9b641d69,5,5,ok
6ac7e0c51,2,2,ok
36332af6d,2,2,ok
abafdc972,1,1,ok
86d87d5f7,2,2,ok
efc478e64,5,5,ok
f393a9d26,5,5,ok
a1093437e,4,4,ok
887b5144a,4,4,ok
e7fdf6d1c,5,5,ok
3658ee105,5,5,ok
215345b52,5,5,ok
556549333,4,4,ok
c001a0b58,4,4,ok
a929a9f48,3,3,ok
18c3b1a1a,4,4,ok
548df7912,5,5,ok
a640f7cf6,3,3,ok
f792e0ff5,5,5,ok
4c2f127c7,5,5,ok
6c62c854f,1,1,ok
f368b7ef1,2,2,ok
6ac38f654,5,5,ok
7df257784,5,5,ok
608a58c8e,4,4,ok
4fd97d6fe,1,1,ok
42e9334f2,5,5,ok
c0645d6c9,3,3,ok
6272ed019,5,5,ok
828f0e616,5,5,ok
3b0b2a86a,5,5,ok
ef86c51b2,1,1,ok
6d95c8ec6,5,5,ok
43894825a,3,3,ok
c90570913,5,5,ok
6138cd70d,5,5,ok
75bc667ae,5,5,ok
a37b96d01,1,1,ok
42fc9a244,5,5,ok
e18cc7a60,5,5,ok
fc601e041,1,1,ok
8f2946027,4,4,ok
1d7e844a7,1,1,ok
46feadc45,5,5,ok
967ee6c2e,1,1,ok
a0c584c54,2,2,ok
5e08b9ce5,3,3,ok
3aa4a07dc,3,3,ok
5d8c4f66b,4,4,ok
f34d62be0,5,5,ok
cadcd5ad8,5,5,ok
803c3b444,1,1,ok
b66a5bd9d,2,2,ok
3a94fdf2d,2,2,ok
b1170cc46,1,1,ok
c3270683d,1,1,ok
9ac5a9faf,2,2,ok
fc63194d1,5,5,ok
61bf517f2,5,5,ok
51226d067,5,5,ok
f293ae915,5,5,ok
d5a7d4dc9,4,4,ok
6dcbe818e,5,5,ok
d026d2fb8,3,3,ok
474f23a3a,5,5,ok
d5053eb47,4,4,ok
85b57bb1e,1,1,ok
12dce436d,3,3,ok
975d32d75,4,4,ok
c3208c19d,2,2,ok
a45142177,3,3,ok
44f198a24,5,5,ok
c9ff29578,5,5,ok
a7676842c,3,3,ok
d755e40d7,1,1,ok
b64307878,5,5,ok
6e09bfe1f,3,3,ok
0b4a0d698,3,3,ok
13d30c173,4,4,ok
631a6a27e,3,3,ok
d43834f69,4,4,ok
a44b2389a,2,2,ok
7efd5522d,2,2,ok
d48d94920,2,2,ok
91d7bd3d7,2,2,ok
ef30ade75,2,2,ok
6d24fab68,5,5,ok
28e86bb13,5,5,ok
bded2690b,4,4,ok
a40a8c0ce,5,5,ok
29f5cedc0,5,5,ok
42b4b0024,2,2,ok
99aa7a5a6,2,2,ok
3330252db,5,5,ok
45904d2be,5,5,ok
4ea31a03a,1,1,ok
3517189ab,3,3,ok
0d4e81870,1,1,ok
02d644003,2,2,ok
015c75c9e,3,3,ok
796781fbb,1,1,ok
69a15acbb,5,5,ok
f00413d87,2,2,ok
a031e3771,2,2,ok
3f2d1ff6c,2,2,ok
6a633ab6c,5,5,ok
7aae61018,5,5,ok
0b6457bf5,3,3,ok
9d66ac1e7,5,5,ok
442f853b2,2,2,ok
7f40cce5f,5,5,ok
b84058aa2,4,4,ok
169184766,3,3,ok
106f7b51d,5,5,ok
aba00e1f9,1,1,ok
fbb8a0267,4,4,ok
65a98c48f,2,2,ok
fd6c93d05,1,1,ok
bb61d1c46,5,5,ok
3ca057824,1,1,ok
57bf84005,1,1,ok
99ba6513a,5,5,ok
209e4f717,4,4,ok
634aa14a6,5,5,ok
9ccf125f1,3,3,ok
2e3c8edaf,3,3,ok
f38727a35,5,5,ok
b07678538,4,4,ok
2826f9095,5,5,ok
b8715f663,1,1,ok
bc7b17cd5,5,5,ok
8e9abddf0,1,1,ok
f21d7ec45,5,5,ok
e30182214,5,5,ok
cc5892ce1,3,3,ok
0fe10670c,5,5,ok
9f24a0672,5,5,ok
b2b52ccf2,2,2,ok
7b858c084,3,3,ok
55ccb364d,4,4,ok
e65a26822,4,4,ok
5d517a321,5,5,ok
18bc7bf4d,5,5,ok
eda903960,5,5,ok
a3740bea8,5,5,ok
18dab2783,1,1,ok
7b6f894a1,1,1,ok
d3dacde96,5,5,ok
01919fe72,5,5,ok
3fa341801,5,5,ok
1f34d9c73,5,5,ok
ed9936705,5,5,ok
360215e23,3,3,ok
27e6b452b,5,5,ok
e1c66420e,3,3,ok
2e74deb7b,3,3,ok
8dfe71419,3,3,ok
a428c4daf,5,5,ok
93eb14f37,5,5,ok
be917151a,2,2,ok
e1cd176b5,5,5,ok
585a4d5b9,5,5,ok
37c68c4a3,5,5,ok
76b67f389,4,4,ok
95e9ad1b2,5,5,ok
0f1d071a8,3,3,ok
abd7dcf2c,3,3,ok
1b9b55f0b,3,3,ok
027c23f6b,2,2,ok
243925f5e,4,4,ok
7ee6fe581,2,2,ok
ff10041de,5,5,ok
efc55563a,4,4,ok
59bedbb97,3,3,ok
e66a993a5,5,5,ok
dd5d07137,1,1,ok
c538efa0b,5,5,ok
d7dd2c184,5,5,ok
f7473aaec,5,5,ok
087d71de3,4,4,ok
661bcb904,1,1,ok
54e7cfcc5,5,5,ok
12b1bce04,2,2,ok
f9df8656a,5,5,ok
dc0ee2c73,3,3,ok
5dff15fc4,2,2,ok
8106b5f6f,1,1,ok
b5f9a9c4a,4,4,ok
09d9212f5,5,5,ok
4359d65e7,5,5,ok
8079e3a1c,5,5,ok
15f62e911,1,1,ok
2abfa66d6,2,2,ok
edc5c168a,2,2,ok
42d2aa0bf,5,5,ok
91efb738a,2,2,ok
3005b75eb,2,2,ok
6153f9d64,3,3,ok
5c1f1a317,4,4,ok
76b366645,3,3,ok
dfedc8f77,5,5,ok
dfaf47c11,5,5,ok
04f7eafde,5,5,ok
6cf7d415b,3,3,ok
0afb7e845,5,5,ok
ed9daa1ae,2,2,ok
ca7c6095a,3,3,ok
e3b39a9f5,5,5,ok
9d7c4455c,5,5,ok
8cb5fc48e,5,5,ok
51d3a70bf,2,2,ok
d87ff9c80,4,4,ok
4a6dc2b1b,2,2,ok
740d9759c,2,2,ok
f54bef6d6,5,5,ok
91fca388a,2,2,ok
732fa3cb9,5,5,ok
3f9b11590,1,1,ok
837574272,3,3,ok
33a6694b0,3,3,ok
092418816,1,1,ok
cd469a42f,3,3,ok
2391fcc9d,5,5,ok
c3a52fbbe,5,5,ok
530aac28c,5,5,ok
51398fac1,3,3,ok
6c75b9082,4,4,ok
03926867a,2,2,ok
326355730,1,1,ok
6806f15f3,3,3,ok
822b31b85,1,1,ok
6f94c942b,2,2,ok
9ee370ef6,5,5,ok
08dfce1e7,4,4,ok
fffd9b5a8,1,1,ok
cace2b412,4,4,ok
9dca27ec4,4,4,ok
5971c2462,3,3,ok
d6d9a938f,1,1,ok
b2406f38d,3,3,ok
c228bf013,5,5,ok
f2ac99dfe,2,2,ok
34fe22f69,2,2,ok
af49cf598,2,2,ok
d473d632a,3,3,ok
b3101cf5c,3,3,ok
b77b75f2d,1,1,ok
e02dbb6d5,2,2,ok
79db05f63,3,3,ok
876dd37df,1,1,ok
49d1423d5,3,3,ok
9868c3935,5,5,ok
0fd5ff08e,3,3,ok
76c276834,2,2,ok
1df182906,4,4,ok
0e28a90f6,4,4,ok
1b0d28fab,3,3,ok
084e4c05b,2,2,ok
85c4e7a41,4,4,ok
a90d6fbee,3,3,ok
0d6b8efdc,5,5,ok
858b1443e,2,2,ok
5aff9022b,1,1,ok
915031b99,3,3,ok
bcd601baa,1,1,ok
56d3aa3ac,1,1,ok
ca4224e0b,3,3,ok
92fa4a896,5,5,ok
1965d2288,5,5,ok
6704c5fd7,3,3,ok
3c6f9a4e7,2,2,ok
c5d1b9bf9,1,1,ok
0e61fe015,5,5,ok
c5b5d2650,2,2,ok
3bf1bdd86,3,3,ok
70c811b9d,5,5,ok
a111adc75,5,5,ok
468cec390,4,4,ok
64c1c412b,5,5,ok
a8d44452c,5,5,ok
9e0b14cf6,5,5,ok
c275f0975,5,5,ok
bbfc8a037,5,5,ok
14631d97b,5,5,ok
fe3e235e0,3,3,ok
67888f9fc,4,4,ok
c6556750a,3,3,ok
10e1cbfdd,5,5,ok
38a780df6,2,2,ok
3060d192f,3,3,ok
d8b05d43d,3,3,ok
69a1c3147,5,5,ok
13bbf723c,5,5,ok
d2d48985e,3,3,ok
f7a7fc91f,5,5,ok
8a6f301fa,1,1,ok
e89b02af3,5,5,ok
b00d0fe1c,3,3,ok
59d42b6bb,5,5,ok
3853ff1dd,5,5,ok
0149d04e7,4,4,ok
d9f692e74,5,5,ok
1ba7bdbe6,5,5,ok
865ee6652,5,5,ok
c4be004d4,1,1,ok
78b07d4e0,1,1,ok
9dd1cdd52,3,3,ok
63cc8aa47,5,5,ok
d17892c89,5,5,ok
8e6e57951,5,5,ok
a7560614d,2,2,ok
5b5e81279,5,5,ok
9b9976e20,3,3,ok
b9429dc85,4,4,ok
24e2e049e,1,1,ok
9b344389b,5,5,ok
1bbf00182,4,4,ok
7196383a7,5,5,ok
00be0a63e,3,3,ok
201ea7802,2,2,ok
70f92bae8,5,5,ok
3d0752cd9,5,5,ok
58a79a8a1,5,5,ok
7c1f20f6e,1,1,ok
0ac81fcc4,3,3,ok
460426eb4,5,5,ok
9f01beeef,5,5,ok
c4835ee5c,4,4,ok
20336bf88,4,4,ok
4525391a7,5,5,ok
a8e5ae23a,5,5,ok
b7b07aaec,3,3,ok
5d32494f0,2,2,ok
3099254c2,5,5,ok
ed74a9822,5,5,ok
c61aef5bc,5,5,ok
07cc0ce27,5,5,ok
1d4574c90,5,5,ok
29edf6e20,3,3,ok
c9928594c,5,5,ok
ab2e61df2,5,5,ok
7dfa1e78c,3,3,ok
6dcff2b5b,5,5,ok
2d8b42d21,5,5,ok
427343625,4,4,ok
f849d1829,1,1,ok
ab4ab38d7,5,5,ok
b7e7c5c9b,5,5,ok
ea055de86,5,5,ok
800a7c025,1,1,ok
fc7706b56,3,3,ok
faf6a8cd0,5,5,ok
8c7dbce06,4,4,ok
38f6f3011,4,4,ok
6afe7ee11,5,5,ok
bf87b176d,4,4,ok
918ae2c95,5,5,ok
a578345c4,4,4,ok
c565589a8,4,4,ok
bbab88df0,1,1,ok
cf162bb42,2,2,ok
e257f17da,2,2,ok
dce7af31c,2,2,ok
d8c6c546e,5,5,ok
048519a46,4,4,ok
51020fbd4,5,5,ok
98b1b003d,5,5,ok
3c6329c92,5,5,ok
7a860f4b4,5,5,ok
c5db00aa6,5,5,ok
0d551fb5b,1,1,ok
ae4ab31ec,5,5,ok
8d6b89eff,5,5,ok
8facdc86a,5,5,ok
0e783a2e1,3,3,ok
f0f9efd52,5,5,ok
33f056cc7,2,2,ok
1f25222ce,4,4,ok
9e557af46,1,1,ok
301e16ab9,5,5,ok
6d5fc90f3,3,3,ok
7d1ff4264,4,4,ok
9c3f9ca37,2,2,ok
9951dff79,4,4,ok
0806f9e3f,5,5,ok
ae1db9841,4,4,ok
dfb8034b5,3,3,ok
d9dcad5b4,5,5,ok
a9f395ba8,5,5,ok
53561f52b,4,4,ok
76d3ef2a4,5,5,ok
2e1de0bba,1,1,ok
67b1168ba,2,2,ok
3bb86aa8f,5,5,ok
f662bdf71,5,5,ok
23adab0a9,1,1,ok
bf9ce53b3,5,5,ok
9a4bbdd8d,1,1,ok
7930e4752,5,5,ok
c36860383,5,5,ok
6178884d1,5,5,ok
005afe792,5,5,ok
8a4e70a21,5,5,ok
23bcfa015,2,2,ok
af843bbce,5,5,ok
0f0f81a37,3,3,ok
5dff45cff,3,3,ok
7aa682539,5,5,ok
52c15bfee,3,3,ok
f8d98877d,5,5,ok
3947180ba,3,3,ok
8e6223402,5,5,ok
bd6a6d0dd,4,4,ok
b6f77d754,5,5,ok
516646a4f,4,4,ok
5cabf5331,3,3,ok
083687ba1,3,3,ok
44594e996,5,5,ok
4fe4122ca,4,4,ok
ca967745b,1,1,ok
f095385ff,5,5,ok
ad5118660,5,5,ok
bb2e480f4,2,2,ok
72482852e,3,3,ok
469aab50e,5,5,ok
ad937498b,5,5,ok
eefb8d885,5,5,ok
4d7573c5e,4,4,ok
b497fb8eb,5,5,ok
42d565331,2,2,ok
5264d253b,4,4,ok
72f891e55,1,1,ok
79d32926c,5,5,ok
ca92437c1,5,5,ok
fd3172797,5,5,ok
a07a65495,1,1,ok
63e388a8e,5,5,ok
15e5b0e7d,1,1,ok
a36e3c034,4,4,ok
cb307f308,5,5,ok
f45176c4c,5,5,ok
35fc0fd89,4,4,ok
21958b8f8,5,5,ok
bc8bbffa4,4,4,ok
0b3deeb66,3,3,ok
352ba3335,5,5,ok
736b228b9,4,4,ok
ab7ccc7df,5,5,ok
72ec92880,3,3,ok
6d59be88d,5,5,ok
d8d840693,5,5,ok
5d3c9feba,5,5,ok
a1be4d855,4,4,ok
f5fda5ac5,3,3,ok
466862270,5,5,ok
d7185ffc1,3,3,ok
621a16b0c,5,5,ok
921817343,5,5,ok
4263cc9ed,5,5,ok
9a770c49a,1,1,ok
f3551e91f,1,1,ok
1894ab073,5,5,ok
4bb09fefb,1,1,ok
331c39c92,2,2,ok
a5c1c54fe,5,5,ok
cd2fd9be8,1,1,ok
8ce613036,2,2,ok
f18d332de,2,2,ok
01ac09f2a,5,5,ok
54b6c1d72,5,5,ok
733ccdc63,2,2,ok
d1632981e,3,3,ok
96a35824d,2,2,ok
0510d2767,5,5,ok
16a371487,3,3,ok
a1b34954b,5,5,ok
94dc20e92,5,5,ok
ded648294,1,1,ok
b663aafeb,2,2,ok
8aeff9ad9,2,2,ok
d5e351a09,4,4,ok
7390b70c5,5,5,ok
0e9c1385c,2,2,ok
2ff35ef73,5,5,ok
ad2423b1f,1,1,ok
4fd755cc6,3,3,ok
67af2d880,3,3,ok
828ac8371,2,2,ok
7dcbe3383,5,5,ok
8f6b92b4d,2,2,ok
e99c4a55d,1,1,ok
bbbeb3ab0,5,5,ok
26cb1c2c0,2,2,ok
881a77dfb,4,4,ok
8c131db77,4,4,ok
1043aca38,5,5,ok
9d876d83a,5,5,ok
883e7d058,5,5,ok
21c8d5f0e,5,5,ok
c49480455,2,2,ok
18286db6a,2,2,ok
84998166f,1,1,ok
b60bc872a,3,3,ok
e7ab271b1,5,5,ok
143027239,2,2,ok
f892c5908,5,5,ok
726488db4,5,5,ok
cf1b1b824,2,2,ok
15bcbb6e2,5,5,ok
47d68f63c,1,1,ok
1b5fd0e44,1,1,ok
e6d59d514,1,1,ok
17d9c9586,4,4,ok
c4ab38782,1,1,ok
15a491e20,5,5,ok
ee65ac339,3,3,ok
8bd82188f,5,5,ok
5c30eceb2,4,4,ok
dc8359e75,1,1,ok
3122253f4,5,5,ok
f319a49de,5,5,ok
24af5742e,5,5,ok
f3abe5d8c,5,5,ok
c6a2b6ae1,2,2,ok
d277ab24d,3,3,ok
ee4cb45ea,5,5,ok
2208d2be1,2,2,ok
94438a5c5,5,5,ok
505c5d7c6,4,4,ok
da6bb3100,5,5,ok
705d4f296,2,2,ok
52ff28c14,4,4,ok
d0eb1073d,1,1,ok
68ac3848d,5,5,ok
182aa4a29,5,5,ok
4e991c023,5,5,ok
c6d91de2b,5,5,ok
6d94a56ef,1,1,ok
1c3f75c04,1,1,ok
dd8e62b81,3,3,ok
12ceeda09,3,3,ok
810ae61da,5,5,ok
4771e1226,5,5,ok
794806010,4,4,ok
2dc54e9fd,3,3,ok
a9085cdde,1,1,ok
6282ddf87,5,5,ok
92a038846,5,5,ok
c0488da92,1,1,ok
1a90a4805,3,3,ok
9467b9867,5,5,ok
a561b2487,3,3,ok
c014197ab,3,3,ok
e2205b952,5,5,ok
33aa18b41,4,4,ok
ffebad2e7,2,2,ok
79a352e54,5,5,ok
44930f85a,4,4,ok
73d7bb2ce,5,5,ok
f2a522324,4,4,ok
ccc88931c,5,5,ok
1fd342e17,2,2,ok
911464bd8,5,5,ok
a8c19a325,5,5,ok
842b21328,2,2,ok
8803fb1c2,5,5,ok
d6e52b75b,5,5,ok
e4941c40c,5,5,ok
97dc40c6f,5,5,ok
0cd614218,5,5,ok
e2f718e94,1,1,ok
11d50c573,5,5,ok
c45a57747,1,1,ok
8c9f6c718,3,3,ok
c720ee024,5,5,ok
57b57989d,1,1,ok
1d20ba693,1,1,ok
c11ca8051,1,1,ok
1bd13d3e5,2,2,ok
681eb7101,5,5,ok
5360d72a3,4,4,ok
29d752f7f,1,1,ok
37865f566,5,5,ok
5e74dfc90,1,1,ok
bfdc4cd9d,1,1,ok
91d238a62,1,1,ok
e45ec98a4,3,3,ok
b3a42fc4a,5,5,ok
b23e29c89,5,5,ok
5e2bbb163,2,2,ok
346c5abcd,4,4,ok
7dd780fe8,3,3,ok
d0bc14f47,2,2,ok
b3b26191c,2,2,ok
77e679018,4,4,ok
a85630773,5,5,ok
e0811bfc8,3,3,ok
5a17d8cea,5,5,ok
69c1801cb,5,5,ok
f9a962ccc,4,4,ok
19904f24d,5,5,ok
1f96eae14,1,1,ok
73de2789e,4,4,ok
99a0196aa,5,5,ok
f0d254628,5,5,ok
1dfcfe139,5,5,ok
9abe933fd,5,5,ok
fe0a74b2b,4,4,ok
58bfbd845,5,5,ok
df6048227,1,1,ok
c737c30d7,1,1,ok
d3dbf1e95,2,2,ok
f68a56b90,3,3,ok
803594e09,1,1,ok
9702a20bb,1,1,ok
c8f4a2877,5,5,ok
98567db2f,5,5,ok
3c1370c6a,5,5,ok
a0fb6cd44,3,3,ok
705ce0ebd,3,3,ok
d805a1c90,5,5,ok
4eba3b5c0,3,3,ok
6dc193313,4,4,ok
3a5b2eb43,3,3,ok
647fe8d68,5,5,ok
1df948d0e,4,4,ok
c9c5b665b,3,3,ok
7d1d7a4f6,5,5,ok
73013560f,5,5,ok
24e2a6ff5,1,1,ok
f58143fd5,2,2,ok
2d0315769,5,5,ok
2a64c0560,5,5,ok
207aa47a6,5,5,ok
ab599a6ac,5,5,ok
2ca3f6d92,5,5,ok
29e2ac645,3,3,ok
1925aff9d,5,5,ok
27e458086,5,5,ok
f39fef7c1,4,4,ok
110242085,3,3,ok
cdd2cac09,3,3,ok
fb9d3b9ef,5,5,ok
d7a002088,5,5,ok
15b5da7f8,3,3,ok
1cea0ad08,5,5,ok
01c62e03b,5,5,ok
cedeef1a7,3,3,ok
26c1fc882,5,5,ok
3613869b2,3,3,ok
d5df16a32,5,5,ok
e248258bb,5,5,ok
65b70bad8,5,5,ok
ffe2090b3,5,5,ok
c70ffd9c5,5,5,ok
758a6def9,1,1,ok
8f2c9671d,2,2,ok
a113449ce,1,1,ok
059a68bf0,5,5,ok
13f07ee9a,2,2,ok
01e410583,5,5,ok
b5d3858ae,1,1,ok
b38dcdc90,5,5,ok
cbf3467d9,5,5,ok
521e214ec,2,2,ok
fed21411c,3,3,ok
19e701fea,5,5,ok
9bbd8c277,5,5,ok
39944ac3f,3,3,ok
93e53882d,1,1,ok
ac35bae60,1,1,ok
fa21ddfa3,5,5,ok
487abc5e1,5,5,ok
8f42303f4,5,5,ok
8f1ccbc6f,2,2,ok
9c580ca06,1,1,ok
d765ae877,2,2,ok
fb8efea32,2,2,ok
774bd5a80,5,5,ok
bda2d149e,5,5,ok
d8519e771,2,2,ok
a24bb77d1,5,5,ok
d3077e6b1,5,5,ok
b56e6500a,4,4,ok
ae30afe08,5,5,ok
d51b2e785,5,5,ok
83d15cf4d,5,5,ok
390e0a648,2,2,ok
8db729086,5,5,ok
7a7153881,1,1,ok
5aefb7197,2,2,ok
e16882f44,5,5,ok
0ea7eaf00,5,5,ok
a7d44898b,5,5,ok
ebae250e9,2,2,ok
df9cc49a1,5,5,ok
7f4fb6f7e,5,5,ok
bce56e27b,5,5,ok
ee83e7a09,5,5,ok
dff412d60,3,3,ok
ef836c3d3,5,5,ok
4ba068d30,2,2,ok
79d56bb63,3,3,ok
81bc89458,4,4,ok
9b0744be7,3,3,ok
5bd725e47,5,5,ok
51c72aa92,2,2,ok
2a19120e7,3,3,ok
233aeb07c,4,4,ok
f514f45f3,5,5,ok
ecf521843,4,4,ok
105c00abe,5,5,ok
68a6c1a24,1,1,ok
75bd3a017,2,2,ok
a9495309b,5,5,ok
6d43edbe9,5,5,ok
972fba985,2,2,ok
20f05426f,4,4,ok
8229b256e,4,4,ok
e42dea43d,2,2,ok
bcda757a8,1,1,ok
f15cd5cd9,5,5,ok
7931ba838,4,4,ok
19f38a3f0,1,1,ok
b73a7ca90,3,3,ok
d111847a0,5,5,ok
15721ae3c,5,5,ok
66409739c,5,5,ok
b386d20ba,5,5,ok
fa5957d1c,4,4,ok
dd9ee4a38,3,3,ok
8673a672d,5,5,ok
e61d62489,5,5,ok
cca88204d,5,5,ok
2d63b7c4f,5,5,ok
1f9a15807,5,5,ok
82607d1cf,4,4,ok
8d39ce00b,3,3,ok
6434d0273,2,2,ok
bdb6ebb91,5,5,ok
4a2ecd24c,2,2,ok
1cc20af0a,2,2,ok
bda06474b,3,3,ok
b9005c792,1,1,ok
88bffd281,5,5,ok
78ccb8039,5,5,ok
463be5788,5,5,ok
023979a33,2,2,ok
f45b98b4f,5,5,ok
3cf8487d4,5,5,ok
2b3387bd7,5,5,ok
25c681109,5,5,ok
7ddc32b12,1,1,ok
f0ac9ee6f,3,3,ok
dc1b809db,2,2,ok
1303e86df,2,2,ok
9ba39bba6,1,1,ok
e77dccf0d,5,5,ok
9e6da2bb1,5,5,ok
5546a54ef,5,5,ok
4248ee26d,3,3,ok
0e7ca23c9,1,1,ok
56147c737,1,1,ok
5fb30c1f8,5,5,ok
107d56dc4,5,5,ok
876453f9d,3,3,ok
cc3fe68d2,1,1,ok
2f05bd40c,3,3,ok
dc7dad1da,3,3,ok
8b0fa13e1,4,4,ok
09898b12e,5,5,ok
011350faf,1,1,ok
8cae4a15b,2,2,ok
71f93d157,1,1,ok
a9fdc3e4a,5,5,ok
636389c7d,5,5,ok
a4221001f,5,5,ok
096c37d99,5,5,ok
aa40c19c2,3,3,ok
5419155f2,5,5,ok
9ecb47019,4,4,ok
34d903f17,3,3,ok
00f997463,5,5,ok
0b59a57ff,5,5,ok
fab1170a2,5,5,ok
fa87afa7d,2,2,ok
bb43b6a0d,3,3,ok
6bf08dced,5,5,ok
3facf6055,3,3,ok
3069e2d3c,1,1,ok
0fa25b7e5,1,1,ok
5d3ee6378,4,4,ok
145883970,5,5,ok
d56553e2d,2,2,ok
14f9ffbbc,4,4,ok
eeb377c0b,2,2,ok
04d4ce3a4,5,5,ok
9316ce78a,5,5,ok
146cd69b3,3,3,ok
9907dde11,2,2,ok
6d154eccb,4,4,ok
aa189a931,2,2,ok
5474cd2c2,1,1,ok
f25e91baa,5,5,ok
34d0c00d6,2,2,ok
95fc36030,5,5,ok
4fac67d06,4,4,ok
63f01ff3e,4,4,ok
c14b2f3da,5,5,ok
4733d5e7a,5,5,ok
5a7207717,5,5,ok
472abccfb,5,5,ok
d3740baed,3,3,ok
c4bc89962,5,5,ok
08b7e05a5,1,1,ok
47fd4a840,3,3,ok
c61869b9b,1,1,ok
d99ea593a,2,2,ok
b16afc5dc,5,5,ok
6d1c4a5d5,3,3,ok
895f73f14,3,3,ok
01603d6e2,5,5,ok
4f7fc967a,3,3,ok
1a76d3ffa,2,2,ok
8f1b39562,5,5,ok
05abbab5e,2,2,ok
179c21d17,4,4,ok
55c23ed2e,5,5,ok
6740be5a3,3,3,ok
a8e79c8c4,4,4,ok
ae03f99f2,5,5,ok
026c5716f,3,3,ok
87b60f563,4,4,ok
e7a24f9e9,5,5,ok
236dd6cca,5,5,ok
92df22369,5,5,ok
5a5463e17,5,5,ok
d97d4b420,5,5,ok
7cd4ec150,2,2,ok
09db544ea,4,4,ok
f0885aa00,1,1,ok
c59d7c9f3,5,5,ok
bd263a880,5,5,ok
50fe7d515,3,3,ok
81734dbc4,1,1,ok
09c7b610e,5,5,ok
10949ac80,3,3,ok
4e3586785,5,5,ok
0e5d845dc,5,5,ok
14831f659,3,3,ok
916165c1b,5,5,ok
a99a82e6d,5,5,ok
cb0309848,5,5,ok
146f076cf,4,4,ok
2c21d7f68,5,5,ok
d937730d8,5,5,ok
370fe2afb,5,5,ok
082a9b790,5,5,ok
e95d902dc,5,5,ok
b5521c7e1,3,3,ok
51f1d14b6,5,5,ok
e1e2b0af4,5,5,ok
e3fa5b2be,1,1,ok
9488e6011,5,5,ok
a5f576bb1,4,4,ok
ab67afee5,1,1,ok
b13e4afff,5,5,ok
65e386742,5,5,ok
95bc62678,5,5,ok
ad111a12a,4,4,ok
b48d47214,2,2,ok
1adc56d3c,3,3,ok
c16df543f,4,4,ok
80a2e14af,5,5,ok
7c9dc0791,5,5,ok
18c7d13d3,4,4,ok
e97e4eb52,1,1,ok
9fb89d88f,3,3,ok
1a5e5d34c,5,5,ok
c87f6d0e4,5,5,ok
cc2881a97,5,5,ok
9d9197e7e,5,5,ok
c40b30ff3,1,1,ok
b1bc7e3c7,3,3,ok
b4226db5f,5,5,ok
30ece8658,5,5,ok
8491fa23b,2,2,ok
95696f11b,5,5,ok
aa32ec730,5,5,ok
27456ec0f,4,4,ok
e3e70d2b0,5,5,ok
e93afb8ff,5,5,ok
f5dc6f316,2,2,ok
61d4dc56b,5,5,ok
052c95a93,2,2,ok
948a1a82c,3,3,ok
0bf2506a5,5,5,ok
e2c365994,5,5,ok
6308b5232,5,5,ok
c96f9d3a8,5,5,ok
6d945f8ec,4,4,ok
2857efde3,3,3,ok
b74c47541,5,5,ok
7b13bde34,5,5,ok
7218c8328,4,4,ok
d0c81c563,5,5,ok
95708d284,5,5,ok
da56f7030,3,3,ok
bc6abd32e,3,3,ok
f90f6ca1a,1,1,ok
37c989ac5,4,4,ok
f780d04ae,5,5,ok
152880177,5,5,ok
e3fa09b97,5,5,ok
8b8c51377,2,2,ok
9a053dbe6,5,5,ok
634f65242,4,4,ok
db24c8108,5,5,ok
fea9183f6,1,1,ok
bc0b9984a,4,4,ok
bc5ae0001,1,1,ok
2e73c3dc3,1,1,ok
d5176f7eb,5,5,ok
57785dbb8,5,5,ok
a5a240214,1,1,ok
6bd1fee01,5,5,ok
679dad3c6,5,5,ok
a385cb92a,2,2,ok
3779a7d91,5,5,ok
71d834666,5,5,ok
9801a0f9c,5,5,ok
b84319e15,5,5,ok
5893d408b,2,2,ok
477d22816,5,5,ok
d574448ee,3,3,ok
ff43926c3,5,5,ok
6e31c1647,5,5,ok
c421064dd,1,1,ok
eb79f1cfa,4,4,ok
76aba4871,4,4,ok
8dd958339,5,5,ok
041dd606f,5,5,ok
e6151d695,1,1,ok
debec416c,3,3,ok
785a95244,5,5,ok
cac71d5bd,3,3,ok
041cf403e,5,5,ok
86fe4ed68,5,5,ok
f867cc417,5,5,ok
7a31d17c7,1,1,ok
74ca92e79,5,5,ok
ee640a6ba,5,5,ok
5366eff00,2,2,ok
7bb136045,2,2,ok
347be28a8,5,5,ok
dc99804de,4,4,ok
564ad520f,5,5,ok
c18984292,5,5,ok
560d2b399,4,4,ok
9f2e4a2e1,5,5,ok
df76ee4c1,4,4,ok
e50d881a7,2,2,ok
24fc91fae,2,2,ok
e30bac76c,5,5,ok
196f95fdb,3,3,ok
950dd345b,5,5,ok
df89cc1e0,4,4,ok
31eb7b312,4,4,ok
34c4e74a9,1,1,ok
9926c6e5b,1,1,ok
eb5dc081c,4,4,ok
7d11f10b1,4,4,ok
f152b2fd4,3,3,ok
166947bb4,5,5,ok
9a48cc316,5,5,ok
df9a4b31f,5,5,ok
ec4849051,1,1,ok
48c598ef0,5,5,ok
2f60db1f7,5,5,ok
559afad4f,5,5,ok
dc589864d,5,5,ok
86ff8539d,3,3,ok
7b5bee232,5,5,ok
b532e9588,1,1,ok
060e4ed30,2,2,ok
2885ade43,4,4,ok
fda733a81,5,5,ok
8538f4aa1,4,4,ok
ae4ebeb3e,5,5,ok
8f7265ddf,4,4,ok
c18a1acc6,3,3,ok
ef9196721,5,5,ok
ce3a876b1,4,4,ok
bc9c5a76d,5,5,ok
bedd7f1e7,5,5,ok
0a9f9f178,5,5,ok
bdff3528c,3,3,ok
8398c83ec,5,5,ok
231ad764f,5,5,ok
026c202c6,4,4,ok
f3cb6ffea,3,3,ok
aa68a3672,3,3,ok
a31d4c0f0,2,2,ok
e7b44276b,1,1,ok
bf2f22377,5,5,ok
536475bf3,5,5,ok
db03ddc32,5,5,ok
282c90ff4,1,1,ok
d7d0b2194,5,5,ok
ea3ebc38a,3,3,ok
5ef0ffe23,5,5,ok
4d76c16ab,5,5,ok
c659e8a32,5,5,ok
2c9f807c1,1,1,ok
ca7a148c0,1,1,ok
c29059110,5,5,ok
28cc87730,5,5,ok
3821d75e9,5,5,ok
bc7956085,3,3,ok
cc22a5abf,4,4,ok
f8710e158,5,5,ok
9fceca5de,3,3,ok
2c1c1b557,2,2,ok
d8c1859cb,5,5,ok
1c28dc555,5,5,ok
4b3efcfe0,5,5,ok
f1dc8864e,4,4,ok
6c7fc08e6,4,4,ok
220e9aa26,4,4,ok
f6ae0d580,1,1,ok
b9f58834b,1,1,ok
3f169c299,5,5,ok
e40290fa0,1,1,ok
62b9cb163,5,5,ok
e04814e10,5,5,ok
a831df76b,4,4,ok
d92d4242a,2,2,ok
dc94a986f,4,4,ok
e80389ea3,3,3,ok
e5ea737ec,2,2,ok
3cdbf07be,5,5,ok
2fcdfb0e1,2,2,ok
19abfb0c6,5,5,ok
6afc6acee,4,4,ok
8632f7132,2,2,ok
da8d4a273,5,5,ok
3f50cc4fd,1,1,ok
56e231a77,4,4,ok
dae92dd61,3,3,ok
c46e29741,4,4,ok
4813a0d67,2,2,ok
2739ddaa6,3,3,ok
66fcb54d7,1,1,ok
c44a94d4b,4,4,ok
87bdcbcdd,4,4,ok
6cdfd6a41,4,4,ok
6c9382d17,4,4,ok
e0e8d63df,2,2,ok
85e72abd0,3,3,ok
e68c7d50b,5,5,ok
1ddc14ad6,5,5,ok
4ea7c5d48,1,1,ok
bb15b64ea,5,5,ok
65180c32a,1,1,ok
bec6cc26b,5,5,ok
e0781fb0a,1,1,ok
f39938992,4,4,ok
1b1cf81d4,1,1,ok
f70a1bf5d,3,3,ok
ecaf2b938,5,5,ok
92caf1d01,3,3,ok
b66cae579,5,5,ok
fceb751c7,1,1,ok
ab4ef2577,5,5,ok
1a4464471,5,5,ok
0f9697729,5,5,ok
133af5fc3,3,3,ok
d56674978,5,5,ok
1533ebfd4,5,5,ok
89f28de34,2,2,ok
cbeb9fc1d,5,5,ok
e20a1885f,5,5,ok
17c5ded7d,5,5,ok
c0e61e2f0,5,5,ok
1afdf61ec,2,2,ok
840949648,5,5,ok
5780fe74a,2,2,ok
e5bb33a17,5,5,ok
ba6fee44e,5,5,ok
14c70761a,1,1,ok
859bcc995,5,5,ok
09ef02857,5,5,ok
91e8e97b1,3,3,ok
4909dc5af,2,2,ok
2b3d754de,5,5,ok
36b7411f9,5,5,ok
b589d804e,5,5,ok
8e343f4df,5,5,ok
c8e2a9092,2,2,ok
39c02e302,3,3,ok
c11df559d,2,2,ok
2ce1c6a93,5,5,ok
f2212e16c,3,3,ok
abd7a3201,1,1,ok
aded1fafc,5,5,ok
393365063,4,4,ok
902087c95,5,5,ok
8623ecf43,5,5,ok
cd8e8d7a1,2,2,ok
bc7ea0a3e,2,2,ok
3e9a56447,3,3,ok
fa64cfa4e,1,1,ok
6b574c312,5,5,ok
742dcad55,5,5,ok
2cfbdd28a,2,2,ok
742462799,5,5,ok
c220fd5cc,3,3,ok
675bb16b8,1,1,ok
3757e3734,2,2,ok
b79275092,5,5,ok
9e4e77074,5,5,ok
a2fecc9a4,5,5,ok
e99a775d2,5,5,ok
867308404,3,3,ok
92d830572,5,5,ok
cb9cffdff,5,5,ok
0392c0c81,4,4,ok
c226ecabd,1,1,ok
7648e56db,5,5,ok
cf86cc5ea,2,2,ok
84d1eb4ab,5,5,ok
96353db69,3,3,ok
f90575a63,2,2,ok
35149528a,5,5,ok
ae14a91dc,5,5,ok
687c0c2cd,3,3,ok
d7c661670,4,4,ok
330f0e19a,4,4,ok
8af959627,5,5,ok
711bebb99,1,1,ok
a2c98c186,3,3,ok
c30dd6e9a,2,2,ok
134b82d89,3,3,ok
abf38029d,5,5,ok
eed4b685b,5,5,ok
a460a6274,4,4,ok
bb19c3013,1,1,ok
1c967561d,5,5,ok
3e82bfd8d,5,5,ok
1942485f8,5,5,ok
fb3bd80d1,5,5,ok
8bf2cc0a1,3,3,ok
3d9b4bdc1,4,4,ok
020cd1d50,5,5,ok
058d37dda,5,5,ok
8328ec7f4,1,1,ok
90dd998e2,2,2,ok
d418ea0ad,3,3,ok
bb76bfc79,5,5,ok
230b9040d,3,3,ok
30764a1fa,4,4,ok
076d6f830,5,5,ok
e3a5332ce,3,3,ok
d0d9596e3,5,5,ok
0907a14f3,5,5,ok
2cb9ce5ac,3,3,ok
6666265da,5,5,ok
0ffe99b25,5,5,ok
886e903a4,5,5,ok
d7d371a3d,3,3,ok
752c2658d,1,1,ok
502a2a9db,5,5,ok
09c00211e,2,2,ok
f743a63aa,5,5,ok
8170c6b01,3,3,ok
96a5fd573,2,2,ok
4f4f3cd98,3,3,ok
d6e342121,5,5,ok
db0b0bea6,4,4,ok
015da0878,4,4,ok
6c6a5b5ac,5,5,ok
c260c7b3b,4,4,ok
dffc5cef6,5,5,ok
6c06b0725,1,1,ok
d0a66003d,1,1,ok
b3ff03304,3,3,ok
1d669183f,1,1,ok
0de6709ab,1,1,ok
169fc07e1,4,4,ok
4a91d273b,3,3,ok
0b24f7e7f,2,2,ok
598f1fdae,5,5,ok
76017363e,1,1,ok
6b42c0d29,2,2,ok
2b1f83255,2,2,ok
4e1034525,5,5,ok
80621df6b,5,5,ok
798a0cb05,1,1,ok
ac8fa1b6c,1,1,ok
9d8dab6cd,2,2,ok
e0238b8c2,4,4,ok
38063ee14,2,2,ok
a00eaa0fb,4,4,ok
dd3856456,1,1,ok
9b721dcaf,5,5,ok
c57a0afef,3,3,ok
44cd12263,5,5,ok
3e6d8a2c9,5,5,ok
cd37edf46,4,4,ok
e88f72461,3,3,ok
6679c179c,4,4,ok
0d2394669,5,5,ok
ea7ec0562,4,4,ok
949cb7ee9,3,3,ok
40b1839ea,5,5,ok
9fa760b69,5,5,ok
07b994326,3,3,ok
bfdff0622,3,3,ok
acb802c0c,4,4,ok
8c10b6035,5,5,ok
ff7d25ffb,5,5,ok
9e380d9a2,3,3,ok
b6c93a605,3,3,ok
d4c3abf4c,1,1,ok
a1a9e48a6,4,4,ok
11d3a4c0f,5,5,ok
82137b39f,3,3,ok
a8eed143b,5,5,ok
783a33f4c,5,5,ok
245b99f60,5,5,ok
f759dc332,5,5,ok
492e0cc50,5,5,ok
2f95b343a,5,5,ok
9d2fb911c,4,4,ok
04aa54436,2,2,ok
98128b920,2,2,ok
ccd36a0f2,1,1,ok
4c40ad026,5,5,ok
dd0b58409,1,1,ok
3227c4f2e,3,3,ok
bbff353ce,1,1,ok
b5010c15b,5,5,ok
56c329fdf,5,5,ok
dc76d9fa5,3,3,ok
68d430cbd,4,4,ok
f51e72db2,5,5,ok
8cb6dfa5b,2,2,ok
799a41eba,3,3,ok
ffb6a7f5d,5,5,ok
c6c1048af,3,3,ok
c9d955ac9,1,1,ok
7ceeeb9f2,4,4,ok
b2385d700,5,5,ok
41ce762ce,5,5,ok
3b95539f0,5,5,ok
03c323fcf,3,3,ok
40fa64194,2,2,ok
428fd4ef7,2,2,ok
06c5ddbd6,2,2,ok
26428557f,5,5,ok
57d8f9bdb,5,5,ok
a322972da,2,2,ok
9725fc542,3,3,ok
de67abe0b,5,5,ok
44a541574,2,2,ok
da6950564,5,5,ok
af862a239,2,2,ok
195c119c9,2,2,ok
0e4049f6d,5,5,ok
72bd22c9e,4,4,ok
254dd6ba7,5,5,ok
35a730b12,4,4,ok
afa1e2afb,5,5,ok
3c97d1670,5,5,ok
945a6fa56,4,4,ok
abc9c4207,5,5,ok
c7cb34ee2,4,4,ok
bca4defa4,5,5,ok
0a71e754f,2,2,ok
3859838cf,4,4,ok
f4212d640,5,5,ok
03ae93b48,1,1,ok
eba773cbe,5,5,ok
fac19639c,1,1,ok
546a913cc,4,4,ok
8ece5f3ba,5,5,ok
4a0adfdd0,5,5,ok
7d6d03de2,2,2,ok
cef410e81,5,5,ok
b1c83d13b,4,4,ok
7be394a98,2,2,ok
ba3ee71f8,3,3,ok
1aa527f5a,3,3,ok
884b9a6ec,2,2,ok
0be7a4adf,5,5,ok
6a864757b,5,5,ok
d17343468,5,5,ok
60923a60d,5,5,ok
e4b90955c,4,4,ok
228117dca,5,5,ok
2f3677597,3,3,ok
437bda050,5,5,ok
5357633c0,5,5,ok
ea3de2587,3,3,ok
45d2ddcb8,5,5,ok
0e0d0a9af,1,1,ok
104d9b198,3,3,ok
43c661026,5,5,ok
798f4a1e4,3,3,ok
a8da358d1,5,5,ok
f28036d8a,4,4,ok
9070ef426,4,4,ok
d73b2a4c6,5,5,ok
d2cd71ec2,1,1,ok
0340ac5f7,3,3,ok
b9fa9ce00,5,5,ok
6d089036f,5,5,ok
113920513,1,1,ok
db095d92a,3,3,ok
1ba42eca2,1,1,ok
66038a4b3,2,2,ok
5bd405bac,3,3,ok
50418fb29,5,5,ok
645914c88,2,2,ok
9c5feed55,3,3,ok
e402f3b2f,3,3,ok
a5edf3e84,1,1,ok
a0c64fbad,5,5,ok
afc71f432,4,4,ok
6c4d7b09f,1,1,ok
b3faddf18,3,3,ok
4695c4fb3,1,1,ok
b26374255,2,2,ok
bd881326e,5,5,ok
140ef35de,1,1,ok
fd38d0da0,5,5,ok
5451356cb,3,3,ok
746f52206,4,4,ok
88030e16e,5,5,ok
c13da6b92,5,5,ok
0e49eebb3,2,2,ok
087313ba2,5,5,ok
76a045292,5,5,ok
f9f914ed3,3,3,ok
4012be917,2,2,ok
b97569bc9,5,5,ok
72a7cb335,5,5,ok
62817491e,4,4,ok
7c82670f8,3,3,ok
9df9b11b1,1,1,ok
bdf00be34,5,5,ok
02af3813e,2,2,ok
9d5f190cf,5,5,ok
24c1d5a33,4,4,ok
d8e376a50,5,5,ok
7cf37c7e2,5,5,ok
b92781dca,1,1,ok
8dd28c706,5,5,ok
c4ef3ff97,5,5,ok
db5a260fa,5,5,ok
9d87fbd92,5,5,ok
b9f8cf52a,5,5,ok
5b6add800,4,4,ok
ba030cdba,1,1,ok
01e517961,2,2,ok
e94581522,1,1,ok
802a18435,3,3,ok
a06b5eb73,5,5,ok
e50fb0c6c,2,2,ok
5e203eeaf,5,5,ok
21260b18f,4,4,ok
0063f83c9,4,4,ok
a37e46e35,5,5,ok
1727cfc45,3,3,ok
f2c84786f,4,4,ok
3cc6084ca,1,1,ok
12c65f314,4,4,ok
ff6118cc2,4,4,ok
3060de782,5,5,ok
2e3bfe5a9,5,5,ok
81d404558,2,2,ok
a7be93837,1,1,ok
9664bcecb,5,5,ok
f22f3578c,5,5,ok
a22499988,5,5,ok
2cdaa8a5d,3,3,ok
a3dfe1991,1,1,ok
a9e96f77b,4,4,ok
997db5df5,4,4,ok
954a6e415,5,5,ok
3b15c42d3,5,5,ok
626b056b5,3,3,ok
38c5d4e0e,5,5,ok
773243cf2,3,3,ok
a4c903a3d,1,1,ok
24cc193f3,5,5,ok
5c496f946,5,5,ok
93685a66f,3,3,ok
5b3c81931,4,4,ok
791560e54,1,1,ok
5dff24075,5,5,ok
e6f4d14a0,4,4,ok
abfcb22bc,3,3,ok
0beacc42e,2,2,ok
3a9f1c036,5,5,ok
d4ce7a1ed,3,3,ok
cde5f25db,5,5,ok
27b1bdd40,3,3,ok
caaf719c3,1,1,ok
e3fcd8a2f,4,4,ok
f04c098ed,5,5,ok
58ee93558,5,5,ok
dcf366e02,1,1,ok
3b2b69d20,4,4,ok
221331819,5,5,ok
bf5bf91a2,5,5,ok
502c3e7ae,5,5,ok
9586639e9,2,2,ok
cfa67dca2,5,5,ok
e388a963d,4,4,ok
a22ddc666,2,2,ok
5e0519e3d,5,5,ok
daed3d063,2,2,ok
9b9873716,3,3,ok
df5f12e58,5,5,ok
281618ba5,5,5,ok
bd37ccdd5,3,3,ok
25765058c,4,4,ok
4891fdacd,1,1,ok
06cd6c623,3,3,ok
b921bfb80,5,5,ok
00bfa5da9,2,2,ok
baf7a42fd,2,2,ok
14ae60869,5,5,ok
75a286d8a,3,3,ok
97450a196,3,3,ok
9d24c695e,5,5,ok
05d3e4d55,5,5,ok
d6259561f,1,1,ok
edf74226c,4,4,ok
c8e776446,4,4,ok
bdde3b5ca,5,5,ok
91e663cd2,3,3,ok
0633474d9,5,5,ok
854319675,5,5,ok
cc13183c3,5,5,ok
f0a2122d4,4,4,ok
bf5c5cded,5,5,ok
e09995135,4,4,ok
d476272d7,2,2,ok
56f7b3216,5,5,ok
23829dc63,5,5,ok
e6c3faeed,1,1,ok
01573c686,5,5,ok
7575371db,4,4,ok
4b69bf0e7,5,5,ok
f42161740,5,5,ok
bfe061b7e,4,4,ok
e88aaa263,1,1,ok
9b4dad348,5,5,ok
257a99aa2,4,4,ok
6261c9966,5,5,ok
87aff0121,5,5,ok
7542076e8,4,4,ok
f64813f9e,5,5,ok
417c09a08,5,5,ok
7bfe2d68f,5,5,ok
a6eb71dc0,5,5,ok
1c562d3a8,4,4,ok
31b90821f,1,1,ok
81d82bda3,5,5,ok
21415ffb9,5,5,ok
76b818bdb,2,2,ok
3e25d4fb8,2,2,ok
756025f7c,5,5,ok
570fdcc4d,1,1,ok
dd654a9e7,2,2,ok
5a2c8a05f,1,1,ok
044548f89,4,4,ok
09f75d8e1,5,5,ok
672bc370b,1,1,ok
f9f0a5dfb,3,3,ok
30fff49fd,4,4,ok
a21b6c40a,5,5,ok
35c0c3aca,5,5,ok
54c2d49bb,5,5,ok
8bc07d296,4,4,ok
a2cd5b78a,2,2,ok
2d837689d,5,5,ok
3928a4b23,5,5,ok
c278935de,4,4,ok
e3f51f5e0,3,3,ok
2f0abd493,5,5,ok
649589d9f,5,5,ok
cc068a979,5,5,ok
ada57411b,3,3,ok
605fe21a1,5,5,ok
93d842736,3,3,ok
872317673,2,2,ok
b9da26f0f,1,1,ok
87e1b0c16,5,5,ok
350a14e36,5,5,ok
e1052f933,5,5,ok
387a2639c,1,1,ok
ea1318971,4,4,ok
26365df53,5,5,ok
1635eac9a,3,3,ok
af2f3a166,3,3,ok
283d93104,5,5,ok
6b6cdfdfe,5,5,ok
0edacb2ed,3,3,ok
c03b8b2db,3,3,ok
b84ad40b4,5,5,ok
19fd91f5b,3,3,ok
eaab63bd7,4,4,ok
7bce76c66,3,3,ok
01e5d357f,5,5,ok
615f5dc85,3,3,ok
868fb91f3,4,4,ok
35cf91e6e,3,3,ok
dd8817ccb,5,5,ok
eb652ec07,1,1,ok
d714680ff,3,3,ok
36edc334e,5,5,ok
fdc472b2e,3,3,ok
d25638f81,4,4,ok
62b2ac9fd,1,1,ok
500327aed,1,1,ok
814430b64,3,3,ok
1fbf04fab,2,2,ok
f9e3a51c1,2,2,ok
1f7bf1b32,1,1,ok
b623d9449,2,2,ok
b5033c917,1,1,ok
b1350a4af,5,5,ok
ff96988fc,1,1,ok
2b4003be8,2,2,ok
9697ebf42,1,1,ok
2196b0156,5,5,ok
350116b16,5,5,ok
66125940b,2,2,ok
4482a8d57,3,3,ok
a1fc6f0bb,3,3,ok
b5ff2b987,4,4,ok
81ea0e01a,5,5,ok
df091dc6b,1,1,ok
e464e666d,1,1,ok
6083e589b,2,2,ok
40c0fdccb,5,5,ok
06bfadf29,4,4,ok
fae628c13,5,5,ok
1a91262f6,3,3,ok
a7b53e5ca,2,2,ok
a234c6496,5,5,ok
bdab91b8c,5,5,ok
e1af060fb,2,2,ok
8685b7512,1,1,ok
4cc05c35d,5,5,ok
308034707,5,5,ok
597a7afc2,5,5,ok
1940b59e7,1,1,ok
3501d8f4f,3,3,ok
482fc8a70,3,3,ok
ac1eab621,1,1,ok
38cf8b2f5,5,5,ok
32387ac37,4,4,ok
eb4dbddea,3,3,ok
8c0273869,1,1,ok
1fba9cbc9,4,4,ok
cd565b4f7,5,5,ok
ccdc0f862,4,4,ok
6ad1d75b2,4,4,ok
93a9e05b1,3,3,ok
daf1a8d08,2,2,ok
aa91c3400,3,3,ok
59f4e3255,5,5,ok
937c2e14f,5,5,ok
1d30559d8,5,5,ok
f13ba84ac,5,5,ok
8f639ea65,5,5,ok
7aa0bcef5,3,3,ok
c3ed4c50b,5,5,ok
ae00eded4,5,5,ok
f522ad8d4,5,5,ok
5fdd708f3,4,4,ok
244144067,5,5,ok
c93e63352,3,3,ok
103dd7bb1,3,3,ok
d672df50c,5,5,ok
836b6e6f3,2,2,ok
4555f9273,2,2,ok
d4427513d,1,1,ok
75f574b0a,5,5,ok
2e41f018c,5,5,ok
ef5fcd597,1,1,ok
e808d9fee,2,2,ok
dc996a1a4,4,4,ok
3101ea018,3,3,ok
da7680082,4,4,ok
9fe6f98a5,1,1,ok
997653f86,4,4,ok
130797334,2,2,ok
9115f86cb,1,1,ok
0e88c1c1c,3,3,ok
85188cb67,1,1,ok
24fee0cc4,2,2,ok
3ef5f0537,3,3,ok
d565f7c6f,5,5,ok
c7c443855,4,4,ok
412d6c47d,3,3,ok
768fb166d,3,3,ok
84f065b56,3,3,ok
de8b7400d,4,4,ok
a6e37f91b,5,5,ok
83b2fae5e,4,4,ok
6be26ea05,4,4,ok
9ef3d0eec,1,1,ok
2bbe22924,3,3,ok
1f2c63312,2,2,ok
7f78266ab,3,3,ok
ea03ccbba,4,4,ok
8bacce548,2,2,ok
b9568ee6f,1,1,ok
aece6e7bf,2,2,ok
ece36dc30,2,2,ok
cfe8c6bef,3,3,ok
ca144ac2a,5,5,ok
484915b4f,5,5,ok
90dc0d83f,5,5,ok
87a679d31,1,1,ok
361e79f5f,4,4,ok
1a030d758,5,5,ok
d1dd377ae,1,1,ok
da928b2cd,1,1,ok
41175dcb5,3,3,ok
a7f77b3bd,5,5,ok
5d5942493,3,3,ok
285758945,5,5,ok
c71d537da,4,4,ok
26a4d7052,5,5,ok
ea9ad03dc,2,2,ok
0e1a54250,5,5,ok
406a1e534,5,5,ok
bc22c806a,4,4,ok
c1577c976,5,5,ok
a11245368,5,5,ok
146005aa0,1,1,ok
4407e70f3,2,2,ok
0902b6664,5,5,ok
988c18c10,2,2,ok
7c17de5f6,3,3,ok
0c0bae9fb,5,5,ok
6c5a7a1ef,5,5,ok
1f82a9cd0,3,3,ok
3ae51e685,3,3,ok
bce2ed853,3,3,ok
22f6c0ac6,5,5,ok
b8750b910,3,3,ok
1811b1412,4,4,ok
4a3380641,5,5,ok
2469e58fd,5,5,ok
acb108730,5,5,ok
c5f1eb8b6,5,5,ok
e7e23bfbf,3,3,ok
7e4ac998c,2,2,ok
24357b578,5,5,ok
cf9e48222,5,5,ok
6e77550de,5,5,ok
029b05087,5,5,ok
e59c8fc76,5,5,ok
416d8761e,5,5,ok
e4406b18a,1,1,ok
7adf54516,5,5,ok
e4eb08c79,3,3,ok
89446d475,3,3,ok
163adc370,5,5,ok
e01e4a2fb,5,5,ok
de1a20009,5,5,ok
0b501f1d8,3,3,ok
0f544b558,3,3,ok
ecafbb542,5,5,ok
4b0b7dd2f,3,3,ok
bd9d521c5,5,5,ok
4f6c8d13e,5,5,ok
1eb041ff3,2,2,ok
755f10f8a,5,5,ok
e2cf62da9,5,5,ok
6784b2fcd,4,4,ok
45bec784b,5,5,ok
3c008b0b7,5,5,ok
7ddf00d90,2,2,ok
d7dd71467,5,5,ok
82e86dcbb,3,3,ok
d353b436f,1,1,ok
c74d9c9f3,5,5,ok
8c1658988,5,5,ok
4892ceb8d,5,5,ok
bed78eb25,5,5,ok
c763f19ef,5,5,ok
28c34e5dc,2,2,ok
39e0f5513,3,3,ok
5b11611ff,5,5,ok
e833d08bb,3,3,ok
b5aa169b4,5,5,ok
5183f369d,1,1,ok
99cbd42dc,5,5,ok
f91cc9f0d,5,5,ok
19af88854,5,5,ok
3d8a35224,5,5,ok
2e5e35de8,5,5,ok
f1afd4033,1,1,ok
d6fd7962e,4,4,ok
5ed5663ae,5,5,ok
9e6570928,4,4,ok
7ec72b62f,1,1,ok
0a7798d2b,5,5,ok
4b2aa880a,5,5,ok
27e16a68d,1,1,ok
06c724ada,5,5,ok
46687a6d1,5,5,ok
16abc088f,2,2,ok
326b17344,5,5,ok
63ea7cfeb,5,5,ok
ee4acef8d,5,5,ok
0bf83cc3e,2,2,ok
a76983523,4,4,ok
5bc5b2ced,3,3,ok
3244cff21,1,1,ok
b4060a70e,5,5,ok
8a302ccba,1,1,ok
0d47275d4,5,5,ok
28a0ae4fe,5,5,ok
b278cd182,4,4,ok
a89f8b241,4,4,ok
cf85bd080,5,5,ok
850875906,4,4,ok
4c31c7db9,3,3,ok
b3580fea4,1,1,ok
cc9f9c4c1,5,5,ok
ada1e6f38,5,5,ok
b412a3f6a,5,5,ok
f749cd744,2,2,ok
774de959c,3,3,ok
ad491b969,1,1,ok
a86bbc71f,2,2,ok
2c8ae4c7e,2,2,ok
8bf0f354b,5,5,ok
b3c62d7f8,5,5,ok
26a351904,3,3,ok
e50174698,5,5,ok
daf955524,2,2,ok
76a063a20,5,5,ok
b4eb7f4df,1,1,ok
1b36762d2,5,5,ok
3b7aad341,1,1,ok
470e49e41,5,5,ok
f61c4cead,1,1,ok
2e1853b79,4,4,ok
a92b06d0f,5,5,ok
60c1c2fbd,5,5,ok
17a5487d2,4,4,ok
2831adaff,5,5,ok
f7be274e0,5,5,ok
d8179f4d9,2,2,ok
8e5356302,5,5,ok
9fb8e5e73,5,5,ok
0ced977d7,1,1,ok
348591b3f,2,2,ok
47787f847,1,1,ok
4e797dcdd,3,3,ok
6d4f64bb7,1,1,ok
fb278c21e,2,2,ok
1d2a7f0dd,5,5,ok
030f32f08,3,3,ok
91c2edae8,5,5,ok
8ec043344,5,5,ok
d5ba03e9a,5,5,ok
bea6f651c,3,3,ok
4866e37fe,1,1,ok
4d27ab123,2,2,ok
26ceb4ba8,5,5,ok
93329ec1a,5,5,ok
9a8cbb0c8,3,3,ok
8df053c7e,5,5,ok
8a3efc6c4,1,1,ok
f980544af,3,3,ok
f982548b8,3,3,ok
b279ec774,4,4,ok
2931d3eac,5,5,ok
b62d80c49,2,2,ok
f75724b44,3,3,ok
dafa3b086,3,3,ok
8760ee6e3,1,1,ok
8849d3fe9,5,5,ok
728a08a8b,3,3,ok
39e0cc98e,4,4,ok
9acd96273,1,1,ok
8bc5380ca,3,3,ok
99c2ceb33,5,5,ok
a3d8c3aaa,5,5,ok
a7344d7f5,5,5,ok
af8fdab18,1,1,ok
7d73574ed,3,3,ok
fd32c2466,3,3,ok
d41aa1c62,5,5,ok
a904d6da4,1,1,ok
17b2d4cd6,5,5,ok
41c61ed91,5,5,ok
42e7de7c0,4,4,ok
218f8bb3a,2,2,ok
4fdebca57,1,1,ok
763264fa2,5,5,ok
a1fb1b5bb,3,3,ok
9976d9007,5,5,ok
c5af48975,5,5,ok
f981112a8,5,5,ok
f0ba86cc6,5,5,ok
da80c8aa2,5,5,ok
45f8df95e,3,3,ok
653f94080,2,2,ok
97f683e04,4,4,ok
a0bcee7e2,4,4,ok
b8daff578,5,5,ok
c0f651276,2,2,ok
9b52894bc,5,5,ok
67e7da152,5,5,ok
7295b4948,3,3,ok
a92c2f233,2,2,ok
9aa40019a,2,2,ok
9adf0f234,3,3,ok
dcdf98438,5,5,ok
96a0b8d03,1,1,ok
0d34bfde7,5,5,ok
618430208,4,4,ok
5071e525c,4,4,ok
2a9223451,4,4,ok
b34a57b41,5,5,ok
b8d35b6c3,4,4,ok
f231e1f78,4,4,ok
49a832741,1,1,ok
e78a33d4a,1,1,ok
3bcc3be83,4,4,ok
387701d9d,5,5,ok
976fcf5a9,5,5,ok
5208915a3,5,5,ok
172c8129a,5,5,ok
529025eb8,4,4,ok
2e76362c0,5,5,ok
ca7aa9eec,4,4,ok
dee525fcd,5,5,ok
c9feb3eb3,1,1,ok
7a84326ff,1,1,ok
e3acd4da3,5,5,ok
233ddf40c,2,2,ok
37fadf608,3,3,ok
42ea2e045,2,2,ok
7ee058c3d,5,5,ok
a03da4900,3,3,ok
0abff77fe,5,5,ok
0dff88b6f,5,5,ok
3ba4ccb80,5,5,ok
6819ce556,2,2,ok
0173c456c,5,5,ok
756308d39,1,1,ok
b1cb5d0ec,5,5,ok
1c92ce464,5,5,ok
51366110e,4,4,ok
b857d5ac6,5,5,ok
d83f60849,3,3,ok
943611bd0,5,5,ok
2a154e41c,3,3,ok
216840542,5,5,ok
7da9d50b1,2,2,ok
107c30c6d,2,2,ok
e01f077a7,5,5,ok
e9cf01a21,2,2,ok
a6adb9a9f,3,3,ok
f64fd2354,1,1,ok
4544aecf7,1,1,ok
2262be7e9,5,5,ok
91c023cb7,5,5,ok
19d8b1d8e,5,5,ok
67221a8f8,5,5,ok
4b148edd2,5,5,ok
cc42556cb,5,5,ok
fbf954ea2,3,3,ok
b98316a91,5,5,ok
816005a03,1,1,ok
d72dafbea,2,2,ok
3166b0f31,3,3,ok
9a7885841,2,2,ok
afe19c37c,2,2,ok
5bf976dd7,4,4,ok
87ec8e435,5,5,ok
14b3376eb,2,2,ok
8a0a8eec0,3,3,ok
67d74124e,3,3,ok
0719de933,4,4,ok
caa616482,3,3,ok
d39684633,3,3,ok
4b8b0a817,2,2,ok
8d6c8d486,5,5,ok
c670993fc,5,5,ok
102482c40,2,2,ok
829889fa9,5,5,ok
8e2723a38,1,1,ok
48aa8ee7c,3,3,ok
46ef61c91,2,2,ok
b940cf8b8,5,5,ok
9e9ce66e9,5,5,ok
c1ba2169b,5,5,ok
083f50328,1,1,ok
ef896feeb,3,3,ok
de43c6ce5,5,5,ok
162c1d98a,5,5,ok
e4f17eace,5,5,ok
deda21b9a,5,5,ok
6984c9c58,3,3,ok
92d0ff357,5,5,ok
e2bb56954,1,1,ok
b9d28a286,1,1,ok
429017e9a,5,5,ok
000a290e4,2,2,ok
c78fa1a45,5,5,ok
c60e6aff7,3,3,ok
d1a9104a1,3,3,ok
ad66b0f44,1,1,ok
066521b34,5,5,ok
969b9bb00,5,5,ok
f785304ad,1,1,ok
172555cfd,5,5,ok
f6ec35f31,1,1,ok
faf4fd269,1,1,ok
82db604c8,5,5,ok
175af62c1,5,5,ok
f83695eb0,5,5,ok
a9ec75efb,5,5,ok
9d1b799e7,5,5,ok
c37419ab7,5,5,ok
394c13865,5,5,ok
63dad490d,5,5,ok
c52b99ee2,5,5,ok
1a2816f0f,1,1,ok
b28951b61,5,5,ok
be467e42b,3,3,ok
be7ff8075,1,1,ok
52363327c,4,4,ok
890127ff5,5,5,ok
9deed930d,3,3,ok
dce0ccf91,1,1,ok
1c3793826,5,5,ok
1077fb67a,5,5,ok
b7359384d,4,4,ok
11c88e3be,3,3,ok
2c007007f,3,3,ok
6b0103c04,5,5,ok
687e9c33c,1,1,ok
9003318e5,2,2,ok
2463e0981,1,1,ok
0256cac2b,1,1,ok
e6a856527,4,4,ok
8044a4f7e,3,3,ok
8f9bfc9f4,5,5,ok
706c85343,3,3,ok
2e111f82d,2,2,ok
8717133d3,4,4,ok
2ccf25b91,4,4,ok
2b530d418,1,1,ok
22de1a590,1,1,ok
39444f259,5,5,ok
e5155cda1,3,3,ok
407af6f7d,5,5,ok
8a9c5472e,3,3,ok
934546487,2,2,ok
8ca443ef0,5,5,ok
7e19f2890,3,3,ok
a1e9aae7c,2,2,ok
53923463d,5,5,ok
fee500b95,4,4,ok
0a140a67e,3,3,ok
ab3d83bd1,5,5,ok
8a0cfdd56,2,2,ok
0c859ef92,2,2,ok
1d5be4060,3,3,ok
0acd95320,1,1,ok
b80b51bda,2,2,ok
885c668e4,1,1,ok
4a78a1859,5,5,ok
c60a12958,4,4,ok
b207cf9ea,2,2,ok
8d91ae666,3,3,ok
954243934,1,1,ok
64f41ee68,1,1,ok
bf0dd40e3,4,4,ok
c662b7876,5,5,ok
733f9942b,4,4,ok
564356241,3,3,ok
78e5e19b6,3,3,ok
b3a19b9dd,2,2,ok
8b2be8807,5,5,ok
69ba8d92e,1,1,ok
230e1df8f,3,3,ok
9dfcbe364,1,1,ok
9edf8fff1,1,1,ok
ec9da833d,1,1,ok
88edfa259,1,1,ok
38e12233c,2,2,ok
09f6e29b8,1,1,ok
350208e1a,1,1,ok
5c67a27f5,5,5,ok
e0ec9b89c,1,1,ok
5550a68dc,5,5,ok
fe65d17b1,1,1,ok
76495d7f4,3,3,ok
85ed50b25,1,1,ok
4696fb463,1,1,ok
7115607a0,2,2,ok
dd4f3b8a8,2,2,ok
51714821c,1,1,ok
c7f4e4fb5,2,2,ok
f8d831236,1,1,ok
fc52c0c82,5,5,ok
e9dbf1095,3,3,ok
20f870155,5,5,ok
ebc345fe0,5,5,ok
ad8569001,5,5,ok
ed40421f9,1,1,ok
9b9cadd98,5,5,ok
322b32801,1,1,ok
881d46cc0,3,3,ok
c39e5de99,2,2,ok
bcf546cb8,3,3,ok
f1e99433d,3,3,ok
e0b6196d9,3,3,ok
6824120c3,2,2,ok
8d51c3200,2,2,ok
de591574b,5,5,ok
c76d9c5b9,4,4,ok
8d50d37f8,2,2,ok
48088c0e2,3,3,ok
dd13b36c6,2,2,ok
435f419f9,4,4,ok
507e734af,5,5,ok
3b901ae31,4,4,ok
38fc09756,2,2,ok
d0101e748,1,1,ok
14ee9a2bb,3,3,ok
5d1fa8ddf,1,1,ok
d7de7e8fd,3,3,ok
98e211da3,3,3,ok
037464956,4,4,ok
b9405015b,1,1,ok
01b167b92,1,1,ok
9ba7b7b9c,2,2,ok
8e68a9075,5,5,ok
7d7b5bf2f,4,4,ok
3daf36ca1,4,4,ok
812ec1ab5,2,2,ok
e12797ab1,3,3,ok
54b2051c1,4,4,ok
062633cb1,3,3,ok
52a539ef3,3,3,ok
d0c3c032a,1,1,ok
fd7811109,1,1,ok
f6dc58442,5,5,ok
6840e38e5,1,1,ok
f024e91b9,2,2,ok
cf51903db,3,3,ok
fea8ba32e,2,2,ok
818df5a9f,5,5,ok
6b4a3074d,2,2,ok
ca90f9062,5,5,ok
f0982978a,3,3,ok
19745f3dc,2,2,ok
b1021dc35,2,2,ok
eab44dad9,3,3,ok
804e56f9b,4,4,ok
04e7d89c0,1,1,ok
1436092b4,1,1,ok
a90161422,2,2,ok
5d9feff2e,2,2,ok
54e0ac09d,1,1,ok
d8df310c9,1,1,ok
ef55e89bd,3,3,ok
1ae342ed5,2,2,ok
21d26302c,2,2,ok
1aa8ed8dc,5,5,ok
4e3640544,1,1,ok
bb675d874,5,5,ok
7125e101b,1,1,ok
9699a3d34,5,5,ok
39bf24ec8,5,5,ok
fa97a865d,1,1,ok
9cd08bb2c,5,5,ok
0ef640aaf,2,2,ok
d46569700,5,5,ok
2d725d001,3,3,ok
1fd2f589f,3,3,ok
34fcc459a,5,5,ok
eef0fa0ef,3,3,ok
b3cf90bd1,3,3,ok
b1dd64fa6,5,5,ok
6f0cb510a,3,3,ok
3c0c76a42,1,1,ok
dea0253b6,5,5,ok
6d1596957,1,1,ok
0ea2638e9,4,4,ok
7e87938c3,3,3,ok
37d0748c2,1,1,ok
7f7080e6b,5,5,ok
056cc22d2,1,1,ok
533916bd6,1,1,ok
37884b086,5,5,ok
b62619afd,2,2,ok
1c69743d6,3,3,ok
8ad784999,5,5,ok
cdcaefa4b,1,1,ok
1bea097f1,1,1,ok
a080c1037,5,5,ok
648897870,1,1,ok
cd9c84ec2,5,5,ok
b0c159af4,5,5,ok
e3a680ce0,1,1,ok
8ff0818d5,5,5,ok
fa07f7477,5,5,ok
fb4078a22,5,5,ok
b66715e26,2,2,ok
65dc47112,2,2,ok
1d9604897,3,3,ok
09c629b05,5,5,ok
9c31047a7,3,3,ok
90f1bb168,1,1,ok
64070899d,1,1,ok
3998bcfec,1,1,ok
f6f2f9424,5,5,ok
2f19ac5ab,2,2,ok
a3e7124c8,1,1,ok
a8cfbf446,2,2,ok
ae0bc846b,5,5,ok
553b720c2,5,5,ok
338ccb571,2,2,ok
6608d48b2,4,4,ok
326a3c785,4,4,ok
ca2c00404,2,2,ok
37bbc6060,4,4,ok
0a1b56e66,4,4,ok
1f4378ff6,3,3,ok
eed29a312,1,1,ok
0459c7bb7,1,1,ok
11b20ee8f,5,5,ok
9dca0bf20,5,5,ok
86219b4fe,4,4,ok
a427984f4,2,2,ok
1b59f9f38,5,5,ok
f33f3512e,2,2,ok
8cbae6e2a,2,2,ok
5c62b4a8e,1,1,ok
caa5d1e6b,2,2,ok
a2dc697f6,5,5,ok
6dcce539c,5,5,ok
67e41958c,4,4,ok
3a67f200f,3,3,ok
44da8c2a0,1,1,ok
91e996718,5,5,ok
1e62e6022,5,5,ok
20bf4bf39,5,5,ok
a14f8bd53,4,4,ok
1a1e3aa63,3,3,ok
95636a0d9,5,5,ok
703c9a23b,5,5,ok
2774ef93f,3,3,ok
83defd365,5,5,ok
b114199dd,3,3,ok
714e287c7,3,3,ok
74fb03e51,4,4,ok
32618b795,2,2,ok
41e4574a6,1,1,ok
f47679843,1,1,ok
9b1241ef0,2,2,ok
f0bfe80e3,5,5,ok
60b188249,4,4,ok
14e788800,3,3,ok
5678616cc,5,5,ok
411bba4e8,5,5,ok
939268f8e,4,4,ok
3b4a987ba,3,3,ok
5cba5c76a,4,4,ok
ea303d329,5,5,ok
5ccf203a3,5,5,ok
3bc3e9db2,1,1,ok
63562f208,2,2,ok
8a6ba0a40,5,5,ok
b25d569cd,3,3,ok
7e48ad81b,5,5,ok
ce50f376f,3,3,ok
ade6b8efc,5,5,ok
baa309426,5,5,ok
942af9028,5,5,ok
acd9e66f1,3,3,ok
11cc5a797,4,4,ok
90bcfd0e4,1,1,ok
6085869a7,1,1,ok
35542ae3e,4,4,ok
fb9ae7d12,4,4,ok
e0b36580b,2,2,ok
bd7b805ba,1,1,ok
98ae7d88d,3,3,ok
c15d26817,3,3,ok
7f9f1a2d0,4,4,ok
0243911ea,2,2,ok
06cc44fad,3,3,ok
fd1bf9554,3,3,ok
12e711074,4,4,ok
0497f7012,3,3,ok
9b9e24b37,1,1,ok
1945c0690,3,3,ok
434691342,1,1,ok
8f90bba4c,1,1,ok
522b73db7,1,1,ok
abdeff83f,2,2,ok
df880995b,1,1,ok
5f28b76d7,1,1,ok
7d526090e,2,2,ok
bc4bbcef1,1,1,ok
89df794d1,1,1,ok
c45e47c4c,3,3,ok
bdb0f50e0,2,2,ok
d30dcea91,3,3,ok
cc0eced0d,2,2,ok
71297d780,1,1,ok
4963e95ce,5,5,ok
a1b3dafc9,1,1,ok
6ea65996b,2,2,ok
50d1c2157,1,1,ok
2fe763187,3,3,ok
704737525,2,2,ok
af75249aa,3,3,ok
97b469d4b,4,4,ok
5e17c1fde,2,2,ok
35f9818a7,5,5,ok
60786724b,1,1,ok
4a4d8cadb,5,5,ok
a4dd57b11,1,1,ok
9795221d0,4,4,ok
276ce7f3a,5,5,ok
db08f8564,1,1,ok
1c59513dd,1,1,ok
7b872f1aa,3,3,ok
bcdaf8640,5,5,ok
75ee37fa5,1,1,ok
14580436c,3,3,ok
d77baafda,2,2,ok
959064f3c,1,1,ok
0f27a7baa,3,3,ok
02f7300db,3,3,ok
a952a211e,1,1,ok
ad8b02fcc,3,3,ok
a97467fb6,5,5,ok
c7e3c3270,3,3,ok
7ea900f4d,1,1,ok
f53be74bd,5,5,ok
3a0e3b527,4,4,ok
b8215b5e3,3,3,ok
3ec367f79,1,1,ok
a3af82b71,3,3,ok
277014d80,5,5,ok
1b3dcf712,4,4,ok
1a2c91362,1,1,ok
ed1f38a40,1,1,ok
b756bfae3,2,2,ok
88c07e663,2,2,ok
418a25e6b,3,3,ok
1f467ba22,4,4,ok
4acf3e30e,1,1,ok
de12dc945,2,2,ok
506697cb9,5,5,ok
9882871d9,5,5,ok
d30087066,2,2,ok
bd9e87899,5,5,ok
4e2440e26,5,5,ok
a3f6438ea,4,4,ok
3948f67d7,5,5,ok
894d76b65,2,2,ok
7e0f474bc,5,5,ok
123f15578,1,1,ok
2fa8b64b1,4,4,ok
b0d8b0778,2,2,ok
6cc070892,5,5,ok
66bd449fc,5,5,ok
1b752d78e,5,5,ok
65f56897d,3,3,ok
1c4f5efa8,5,5,ok
9191da7b5,3,3,ok
84d7ac922,1,1,ok
72626612c,5,5,ok
586585da9,3,3,ok
b3fa60bc7,3,3,ok
2679a20fe,1,1,ok
409ad5a23,1,1,ok
63c93929a,2,2,ok
59ad17125,2,2,ok
94ae813d8,5,5,ok
cf49e1549,3,3,ok
fd123a15d,2,2,ok
dc549e010,1,1,ok
14a9958e0,3,3,ok
9193c38af,2,2,ok
b5158ef9e,3,3,ok
d7976886b,3,3,ok
147e587da,2,2,ok
e152df77a,5,5,ok
9ee623346,4,4,ok
493d9cc81,5,5,ok
9676b5e36,1,1,ok
fbaec0999,3,3,ok
cc8459867,1,1,ok
90b438e96,2,2,ok
7942b62ef,2,2,ok
ea678fb08,2,2,ok
086857d70,5,5,ok
dc1c9f8d5,5,5,ok
245bfe92f,2,2,ok
f06cf606d,2,2,ok
72d753384,3,3,ok
aca9ddee7,3,3,ok
343c1f526,1,1,ok
c3b263e8f,5,5,ok
4a4db4d32,1,1,ok
5ab4df736,2,2,ok
3268dcfd0,3,3,ok
e69dd7d09,3,3,ok
e585b064b,2,2,ok
355048bb7,1,1,ok
a9bcc4196,3,3,ok
23874f644,2,2,ok
4cc8c07d5,2,2,ok
86379f12f,1,1,ok
43ff07bab,1,1,ok
8071fcc9c,3,3,ok
8eb5d1d04,5,5,ok
56d6e2c8b,2,2,ok
bba70dd12,1,1,ok
c9d8b22d0,1,1,ok
68ab069e3,5,5,ok
e3d68b63c,5,5,ok
86ce90970,5,5,ok
44d1246e0,2,2,ok
dd2452dfa,3,3,ok
0697d76d2,3,3,ok
5b31b0fa4,1,1,ok
b4809e7d1,1,1,ok
85ec1aac0,1,1,ok
d2be70a4c,5,5,ok
adfd0f0bc,5,5,ok
134e12e92,2,2,ok
115a4b208,2,2,ok
ee6e0abe4,5,5,ok
ef8d291b0,1,1,ok
aba758b7f,2,2,ok
a27a03914,4,4,ok
12ccd5019,2,2,ok
6bbcc7ea5,4,4,ok
a1cb8764d,1,1,ok
cc261e309,2,2,ok
b7d2d752f,3,3,ok
b342437c5,2,2,ok
9b8805c58,3,3,ok
f54941314,3,3,ok
e4abb93bf,2,2,ok
3f1b7bea6,5,5,ok
c03fe7452,4,4,ok
d4e96e3ce,2,2,ok
3e4f81782,4,4,ok
67be298a7,3,3,ok
5d0551d53,5,5,ok
36f3f7027,5,5,ok
67825bf81,2,2,ok
574919b00,5,5,ok
d35c1ab62,3,3,ok
6b94af372,5,5,ok
92d4c1513,5,5,ok
0045ed62a,3,3,ok
1dc8f0fd4,5,5,ok
cb423070b,4,4,ok
52c904832,3,3,ok
96ba0193d,1,1,ok
6dac572be,4,4,ok
43ae30dd8,3,3,ok
1dcd8bc8a,4,4,ok
ebd78e1d4,3,3,ok
f8db6e695,5,5,ok
6efbd2584,2,2,ok
1adf071b0,4,4,ok
5f72e457d,2,2,ok
fffa39a6a,2,2,ok
05a05d562,3,3,ok
ffab93d18,4,4,ok
a1019e087,2,2,ok
489466e53,2,2,ok
ef9b5808b,2,2,ok
e0f46aa3e,4,4,ok
8b1abca6a,5,5,ok
a21f5e84b,5,5,ok
a484694a1,5,5,ok
e26548e11,3,3,ok
0cde9b460,2,2,ok
382dd71c1,1,1,ok
e093c4886,1,1,ok
2c24655fe,5,5,ok
4bff9728d,1,1,ok
ad6387a7e,4,4,ok
ddb95945a,1,1,ok
cfbd5c54d,2,2,ok
9d356b9f6,1,1,ok
479500716,2,2,ok
ad786540e,1,1,ok
1c2dfa92d,3,3,ok
69ba6c8d8,2,2,ok
0cb52145c,5,5,ok
8b65f9305,3,3,ok
018188075,5,5,ok
6dd6363f0,3,3,ok
fb9474822,2,2,ok
a43d578dd,3,3,ok
d404012af,3,3,ok
02f37d829,4,4,ok
9eca51592,1,1,ok
046d3a9d9,3,3,ok
183160bf0,1,1,ok
29bcccb7c,2,2,ok
057e5347f,3,3,ok
cbdeed3f9,1,1,ok
f0057428e,2,2,ok
16349e686,2,2,ok
5dbd7f61b,1,1,ok
07dd9a0a5,2,2,ok
6bf713e5d,3,3,ok
a3eb4fe4d,2,2,ok
2ac3ca459,1,1,ok
939ca33f6,3,3,ok
f9464ddbf,1,1,ok
88db34068,3,3,ok
ec5aeb98a,3,3,ok
485887f4c,5,5,ok
27867018b,5,5,ok
7cbf39f49,1,1,ok
4fe9ef7ce,1,1,ok
27bf3ae34,3,3,ok
5ab1e209b,2,2,ok
1819e298c,5,5,ok
5dace0494,5,5,ok
75fccfb43,4,4,ok
7ca5ee472,2,2,ok
f594a2e18,1,1,ok
c35cc3520,1,1,ok
9b6b350c8,2,2,ok
e73b8f98b,5,5,ok
91df1b68f,5,5,ok
1d1c1d51d,2,2,ok
6d6390b1f,2,2,ok
d3fd60eb9,2,2,ok
29b04f54d,5,5,ok
cb9eb954c,2,2,ok
2b8832432,2,2,ok
839aa5fd0,5,5,ok
c5ee96818,2,2,ok
420f5cd9c,2,2,ok
8ff587b75,3,3,ok
3f5405630,5,5,ok
6c909e8d0,4,4,ok
6264e2ffa,4,4,ok
8c70e9de2,2,2,ok
0d440b00e,2,2,ok
4bef58278,3,3,ok
1acab1703,4,4,ok
f67dcb4b3,5,5,ok
c1653516e,3,3,ok
4e3e41b78,1,1,ok
64ea61ea7,2,2,ok
4999e2693,4,4,ok
dd55841d4,2,2,ok
cd870fb18,2,2,ok
ca1df3f71,4,4,ok
7af4cab5e,5,5,ok
382cc2865,3,3,ok
44bc5f67c,1,1,ok
7b9cc47f0,4,4,ok
4212729be,3,3,ok
bc14cca27,1,1,ok
154d24447,2,2,ok
1e1e7c4ec,4,4,ok
9c1ec9939,4,4,ok
e78e9736a,5,5,ok
affc18183,1,1,ok
518e71b74,5,5,ok
72d68bbd0,1,1,ok
c84e9ae78,1,1,ok
e3883d4f0,2,2,ok
c70a3fcc5,1,1,ok
1ff11cef6,1,1,ok
94918fff6,2,2,ok
b41fd3816,2,2,ok
7c3481fda,5,5,ok
86c131c22,4,4,ok
fe2209833,2,2,ok
87143ebd2,2,2,ok
f726dd490,2,2,ok
f2716e1e5,2,2,ok
9f104904f,4,4,ok
c63dc4adb,1,1,ok
2db012118,4,4,ok
026ebf139,1,1,ok
c573a0ce7,5,5,ok
765bd139e,5,5,ok
f922bd640,2,2,ok
8425c2a48,3,3,ok
5a3ea9e8a,4,4,ok
4f35cb8e6,1,1,ok
d584d51b2,3,3,ok
445c703ff,4,4,ok
e442c149f,4,4,ok
334975a99,1,1,ok
bb2a14bd0,2,2,ok
4bff1ab0b,1,1,ok
69a1bfaa9,1,1,ok
3f568e3a2,5,5,ok
ada93cece,2,2,ok
745fd19b8,3,3,ok
d6b7b63de,5,5,ok
4785a8894,1,1,ok
3e946254a,2,2,ok
9fcc4951d,5,5,ok
4bb0c8226,3,3,ok
677282310,2,2,ok
6a8d98847,3,3,ok
12dd13adf,4,4,ok
045543730,4,4,ok
0b04b1c7a,4,4,ok
08ee62d43,2,2,ok
b567ca662,5,5,ok
85e0c743b,2,2,ok
ad9d334b5,1,1,ok
4501e7e4f,5,5,ok
2d79d25fa,2,2,ok
636d6a0d9,5,5,ok
6c64dd197,2,2,ok
a5f82d04e,2,2,ok
6dac8ec35,1,1,ok
a479a1a6a,1,1,ok
bb5917ca8,2,2,ok
4cc70e613,1,1,ok
bf20ac1c9,2,2,ok
b3f69b209,1,1,ok
314e041cc,4,4,ok
e7a74fca8,4,4,ok
9c87d70e5,2,2,ok
692bde33a,1,1,ok
8b2d9c8f5,5,5,ok
a2124f529,5,5,ok
a091487fb,5,5,ok
09cc3f346,4,4,ok
30917edfa,1,1,ok
95855babf,2,2,ok
8fe2cf87b,3,3,ok
dcba09ff1,5,5,ok
dfe361097,5,5,ok
161de24f6,5,5,ok
d0f8b280d,5,5,ok
f10390965,4,4,ok
f94ea9d92,2,2,ok
086ed2122,2,2,ok
8520800b1,3,3,ok
a09a76aba,3,3,ok
b440a9cf1,5,5,ok
ad6cfec5c,5,5,ok
1d6149d17,1,1,ok
b985b4ff9,3,3,ok
62bf4037c,1,1,ok
4748cdef4,3,3,ok
d3dd7e6a7,2,2,ok
7ed037049,4,4,ok
04391c798,5,5,ok
80255c391,4,4,ok
32148e0fc,2,2,ok
fe3d0c6e4,5,5,ok
42b8f0aa7,4,4,ok
24787403d,4,4,ok
455d243eb,3,3,ok
b7142b615,5,5,ok
66ad04874,4,4,ok
88a264f0d,4,4,ok
9e5011264,1,1,ok
351d29156,2,2,ok
ebbf04d10,2,2,ok
1104fe6bb,2,2,ok
0b819602d,2,2,ok
f57efd0b9,1,1,ok
a43540943,3,3,ok
505ef85e6,5,5,ok
2b34c70e7,3,3,ok
5b9bed882,5,5,ok
5f0bfe5a9,1,1,ok
0deeed2d9,1,1,ok
109d21b69,5,5,ok
7d0aedfb3,1,1,ok
b022c1924,5,5,ok
a08030c6f,2,2,ok
96607bca0,5,5,ok
1d1451061,1,1,ok
469894776,5,5,ok
85f3279a4,4,4,ok
50cbc6c8f,2,2,ok
6219a1e79,3,3,ok
d48e16ef4,3,3,ok
9ff4a6c4f,5,5,ok
bdf4a9ed9,2,2,ok
bd7f4fcee,5,5,ok
4c6fe4100,5,5,ok
6f18704f7,5,5,ok
11a30eacf,2,2,ok
1e6c42df6,5,5,ok
1565d09ad,3,3,ok
95a89f5f2,4,4,ok
12a280806,5,5,ok
10fbc9548,5,5,ok
4298e4c15,5,5,ok
f2aac285e,1,1,ok
56845ff26,1,1,ok
4ae940ec2,5,5,ok
2acc0a068,5,5,ok
937d74077,5,5,ok
20d4ea30e,3,3,ok
6632022cd,2,2,ok
6b0da38ae,4,4,ok
98e1a3f01,1,1,ok
c91873618,2,2,ok
a993cd91a,5,5,ok
979d48d7b,5,5,ok
0b3763054,1,1,ok
6786609aa,1,1,ok
120ae4dd3,5,5,ok
5096467b6,2,2,ok
fd740c8dc,4,4,ok
b3f83cef6,5,5,ok
120805f93,2,2,ok
81d6d070c,4,4,ok
fd2f64ea7,4,4,ok
53b89efb9,4,4,ok
5a181c011,2,2,ok
3e82e76cb,2,2,ok
ef06f5641,1,1,ok
3bc0357ce,4,4,ok
099115d38,1,1,ok
79b439763,1,1,ok
1d13441b9,1,1,ok
fee5e43b2,3,3,ok
8e0d93659,1,1,ok
5f79b840f,3,3,ok
f8b975c1f,5,5,ok
871a00e21,1,1,ok
59a3ee7ff,2,2,ok
476d40031,4,4,ok
9d76ed82f,3,3,ok
beb93c6ab,4,4,ok
de41ebc79,3,3,ok
dbe634a4c,2,2,ok
b446053b6,3,3,ok
c220b4764,1,1,ok
0d3081480,5,5,ok
9dfee7db3,4,4,ok
1380b76cf,5,5,ok
84b297843,1,1,ok
6bed4e9d5,5,5,ok
7cf995ca4,1,1,ok
eb7f34ac5,1,1,ok
bd54c995a,5,5,ok
f03a41229,2,2,ok
e8f6ede8c,3,3,ok
4d767b639,3,3,ok
ef0b07c6b,5,5,ok
365aaebc8,4,4,ok
dcd0002db,2,2,ok
1d8dd930a,3,3,ok
52c49d6b6,2,2,ok
80034deb8,2,2,ok
48c9474d9,3,3,ok
6b29b45d9,1,1,ok
33f28ad35,1,1,ok
2f0805ceb,2,2,ok
fb9783859,1,1,ok
e348d720a,3,3,ok
1d373c973,1,1,ok
b9e27a268,4,4,ok
6c55e596d,1,1,ok
e0bf99ea2,1,1,ok
184a51562,1,1,ok
a16c6d55d,2,2,ok
3de1de812,3,3,ok
aa0d42c80,5,5,ok
258026ebe,2,2,ok
3a1f2a306,1,1,ok
e86d8e932,3,3,ok
72b0f5c4d,1,1,ok
43ddb2eb4,2,2,ok
2dd6e4186,4,4,ok
66f6cd1cb,3,3,ok
20559d623,4,4,ok
f845bd0c0,5,5,ok
6ea2ddaf2,2,2,ok
e6645c764,5,5,ok
543130f60,1,1,ok
c382bae22,2,2,ok
79786edcd,4,4,ok
aecff5a85,1,1,ok
cd89328a8,1,1,ok
d9f512b8b,5,5,ok
6e06e37bc,2,2,ok
d9fca8be8,3,3,ok
22992ecd0,5,5,ok
539177546,3,3,ok
996b92780,4,4,ok
dfdbfce71,2,2,ok
e5ffc0a9d,5,5,ok
f99a5e817,1,1,ok
3ee05e0d5,5,5,ok
2352b7f0e,1,1,ok
02401db5e,4,4,ok
b0c2a069c,2,2,ok
3c43b7541,1,1,ok
c239d1834,4,4,ok
2d19917cb,1,1,ok
06afa3c64,5,5,ok
f86f15c15,1,1,ok
d4b2dcfb6,2,2,ok
d560b8003,1,1,ok
ce971a506,3,3,ok
a21b2a42c,3,3,ok
c39793853,1,1,ok
f77a6e11c,2,2,ok
6cb5e1b06,3,3,ok
81ffabdc8,3,3,ok
8d92ada81,5,5,ok
1c4d6faac,4,4,ok
f52510492,1,1,ok
96ad2141c,1,1,ok
c4ea89ddb,1,1,ok
897fde926,5,5,ok
e7fae9937,2,2,ok
5f3a4dab0,5,5,ok
d4c6c89ab,1,1,ok
2619f003d,4,4,ok
46fdbf640,1,1,ok
6d22192b4,4,4,ok
27ce98a2e,5,5,ok
0fa63169f,1,1,ok
4dcee3363,4,4,ok
48615e613,3,3,ok
725ee6572,2,2,ok
137916924,1,1,ok
d6b0d8aa9,3,3,ok
18734d13e,3,3,ok
a31b05e99,3,3,ok
8ff8aefca,4,4,ok
faf13c5cd,5,5,ok
a2cf852c0,4,4,ok
7fb135352,1,1,ok
e507f855b,5,5,ok
a972114e1,5,5,ok
df09bd082,1,1,ok
29e6c171d,1,1,ok
388cd5b9c,5,5,ok
4edc9ecc5,5,5,ok
059d8d91f,2,2,ok
47cda4c03,2,2,ok
7d7eef3d3,4,4,ok
b05a3ca1d,1,1,ok
2e1fcc8c4,1,1,ok
58a10d0cd,1,1,ok
fe83618e5,3,3,ok
18427ab22,5,5,ok
98231df17,1,1,ok
bbdcd94a9,1,1,ok
208beeb80,3,3,ok
a143b5edf,2,2,ok
48cb3c66a,1,1,ok
fb6c5726f,3,3,ok
c863daf49,5,5,ok
e60bbc064,3,3,ok
bd0a144b0,1,1,ok
3c7dd9982,1,1,ok
748943e29,5,5,ok
7b3332622,5,5,ok
662564431,3,3,ok
3afe6f1fc,3,3,ok
cd4b05b8c,2,2,ok
c14530f38,2,2,ok
99d5d4d41,2,2,ok
0f24b6cd6,1,1,ok
fe3a83fe5,4,4,ok
9981290b2,3,3,ok
82aa52460,1,1,ok
add617e3c,2,2,ok
86e49d18d,4,4,ok
75310196e,2,2,ok
a0c1384d1,5,5,ok
3acfe9fcd,2,2,ok
7395e5c70,5,5,ok
4427541c0,2,2,ok
2185647c2,1,1,ok
1a2f33fec,1,1,ok
16504b328,5,5,ok
3004c3401,3,3,ok
d1d9012db,4,4,ok
35d860fe5,2,2,ok
ef8782012,5,5,ok
9817c3ef1,4,4,ok
2b6fe231b,2,2,ok
6be0a8fcd,5,5,ok
da3702af2,3,3,ok
c994bc1b2,4,4,ok
ef5b463d4,1,1,ok
f53c216e2,5,5,ok
9278f7216,2,2,ok
206dbf18e,3,3,ok
2cf4994e7,3,3,ok
c7b468b32,1,1,ok
0bd394ec8,2,2,ok
7db48c47a,3,3,ok
75a803430,5,5,ok
76de48e98,5,5,ok
d5b9e0322,5,5,ok
6f07e7abf,2,2,ok
1dd6be0bc,5,5,ok
8daa38a67,2,2,ok
a362ad62e,2,2,ok
1c6e35149,2,2,ok
5382ef1e5,1,1,ok
17d90c2d9,4,4,ok
3fc2f9495,4,4,ok
38733d0a1,4,4,ok
c64c9e2d4,1,1,ok
acc81bdf5,2,2,ok
d37c4c951,2,2,ok
c51c9e136,2,2,ok
991519fdb,1,1,ok
9c803d826,3,3,ok
edef78673,1,1,ok
c9364a529,4,4,ok
89c28aad0,4,4,ok
e13c47053,2,2,ok
1c74d62ed,2,2,ok
70b3d1f9c,1,1,ok
99558286a,2,2,ok
35225eb67,4,4,ok
047c20d1a,3,3,ok
4e8daf8fd,2,2,ok
eac15ca35,4,4,ok
3595648ea,3,3,ok
92ee6241d,5,5,ok
266aee5b3,2,2,ok
d3a6a081b,4,4,ok
b03983a09,5,5,ok
cbf6b6e42,3,3,ok
186779691,1,1,ok
acca0b2ed,1,1,ok
319e533b6,1,1,ok
0a5be413e,1,1,ok
34fd2f89a,2,2,ok
a21f183ed,3,3,ok
80599c4f4,5,5,ok
ce0fbe463,5,5,ok
6c14f7807,2,2,ok
f2f8980cd,1,1,ok
a345b4406,2,2,ok
0b807a7dd,1,1,ok
f1da458ce,3,3,ok
99c7658be,2,2,ok
269d8414a,5,5,ok
6984b9727,2,2,ok
57aa560b5,3,3,ok
748207a86,4,4,ok
f5f1ea56c,2,2,ok
67a68df4a,1,1,ok
ab8386c6d,1,1,ok
19caeb6b5,3,3,ok
db1f9bca1,2,2,ok
81eb7857d,1,1,ok
b690774cb,4,4,ok
f0d5ff33a,5,5,ok
62c16fa1a,3,3,ok
5328a3ad8,5,5,ok
9d8e58a2e,5,5,ok
495528ba4,3,3,ok
abe27623b,1,1,ok
e6ae12115,5,5,ok
9684a1603,4,4,ok
96cbe1e48,4,4,ok
1c7a27088,2,2,ok
444d1c6d6,2,2,ok
18da94e9d,4,4,ok
43b5d3f4d,3,3,ok
ca121ab91,1,1,ok
57b35b749,1,1,ok
c5d0fdfac,4,4,ok
c81372ddd,4,4,ok
efbd4c1e6,5,5,ok
7af09e92f,1,1,ok
f45beac10,1,1,ok
b0d54f76e,5,5,ok
c9a4f831b,2,2,ok
78c894840,3,3,ok
86d42fe3f,1,1,ok
e3e339d6f,1,1,ok
2204729ca,1,1,ok
48b418070,2,2,ok
b79df3351,5,5,ok
020fbbc9d,2,2,ok
30eb0f9e6,5,5,ok
339a623c4,5,5,ok
8240f1522,3,3,ok
5eacd0a22,5,5,ok
9fe3f6afa,5,5,ok
de01d00eb,2,2,ok
d3c880313,5,5,ok
18ef93321,2,2,ok
5ab429fcb,1,1,ok
2d70f6a57,1,1,ok
941eb9304,1,1,ok
1a9733afb,2,2,ok
6ba094bf4,1,1,ok
a8b358af2,1,1,ok
3c79a5547,1,1,ok
e315452b5,2,2,ok
5ebc60bb5,5,5,ok
083787e4a,4,4,ok
ee57c8d53,4,4,ok
c120a6f75,3,3,ok
3181e5424,2,2,ok
e42a8863f,1,1,ok
5edf4d9bb,4,4,ok
1a2c23d4c,5,5,ok
c4a2fd15a,2,2,ok
ff22356ef,4,4,ok
f0bb05fc7,4,4,ok
3b4f31dc0,1,1,ok
cba2fb07e,1,1,ok
ea087d248,1,1,ok
1633b105b,1,1,ok
9e399c659,5,5,ok
ca21c4266,4,4,ok
ec496eb44,5,5,ok
4e3e1ac61,2,2,ok
459729cda,1,1,ok
df12e4d3b,5,5,ok
a5c5278b8,3,3,ok
9024c21fc,1,1,ok
fa3b3b348,5,5,ok
9bfb6a77f,4,4,ok
310b5199f,2,2,ok
9c714104f,4,4,ok
ebff4722c,5,5,ok
238c76ea1,5,5,ok
e0e2880ae,1,1,ok
f77a10b5f,5,5,ok
edb8ace3a,2,2,ok
7fa3ab674,4,4,ok
4f1a882b3,4,4,ok
e013ab581,3,3,ok
7fea70079,5,5,ok
0e6c32c9f,5,5,ok
1ef7f27ab,3,3,ok
cbc7dc778,5,5,ok
a9f2b6e32,1,1,ok
e9e263ee2,4,4,ok
9a38d4275,1,1,ok
942b2ba7d,1,1,ok
f8530e295,2,2,ok
3712c63fd,2,2,ok
1b08020b7,4,4,ok
da2cdb505,1,1,ok
47a5a9516,1,1,ok
148f526cb,4,4,ok
46e25aa2b,2,2,ok
7baa8082a,5,5,ok
53f3e56a3,2,2,ok
c69bdf768,4,4,ok
d8697f0fd,1,1,ok
4c04c9cba,2,2,ok
ab519bf92,2,2,ok
bf12ff750,1,1,ok
76c194060,2,2,ok
30e66b835,3,3,ok
170fa3d49,4,4,ok
8b6f2ff52,5,5,ok
0f6c2d090,5,5,ok
0d20efa95,5,5,ok
2d8ec2cff,3,3,ok
2a73c2356,1,1,ok
7e2ce5b3e,5,5,ok
40c204453,4,4,ok
d2f04a19a,2,2,ok
fc19f9c36,3,3,ok
6ef7f0012,2,2,ok
f90722a00,5,5,ok
82d9cd76e,5,5,ok
267162afd,5,5,ok
79e5de9a7,1,1,ok
9ca6debf5,4,4,ok
fe4bb01a6,4,4,ok
8bdffc917,3,3,ok
c712cfd20,2,2,ok
7c787403c,2,2,ok
833c51fd2,4,4,ok
a5b4b663d,1,1,ok
eea7548f0,2,2,ok
e2204552c,1,1,ok
c38afccab,1,1,ok
03f130f5f,3,3,ok
05935bf08,3,3,ok
1aaa74b35,1,1,ok
63f2be2e0,5,5,ok
9223ae4c4,5,5,ok
269a6756f,5,5,ok
1b6c5e07e,5,5,ok
3fccff52b,2,2,ok
352522dbd,5,5,ok
0a266921d,1,1,ok
226e8fe7c,1,1,ok
f29afd123,1,1,ok
b477ad589,1,1,ok
de2d4f372,1,1,ok
6d8793638,1,1,ok
0935ab38b,1,1,ok
c8b79357a,3,3,ok
0ce98d199,1,1,ok
2083834e2,5,5,ok
9c583aec6,4,4,ok
105456da4,3,3,ok
784e466b1,4,4,ok
1b945f406,4,4,ok
621b83ac7,5,5,ok
e4424b719,1,1,ok
f500d6361,2,2,ok
32918fcdf,1,1,ok
01e5e057b,1,1,ok
b8088575c,3,3,ok
147bd18e0,4,4,ok
784ec5ba3,1,1,ok
467614705,5,5,ok
c272d9284,4,4,ok
861d65847,5,5,ok
8cf93cab0,2,2,ok
06df96299,4,4,ok
664d0bed8,5,5,ok
133cc5f19,3,3,ok
e16fc7feb,2,2,ok
f160ae385,3,3,ok
70fb603fd,2,2,ok
ed97d1485,1,1,ok
09ca98f7b,5,5,ok
8bb1c8a6f,2,2,ok
80ae0a34f,4,4,ok
5b4745340,3,3,ok
628439a3a,3,3,ok
46dea66ea,1,1,ok
4103336dd,1,1,ok
6ec9364a7,2,2,ok
f9b0d3370,1,1,ok
183eb3fe5,5,5,ok
ace3a3299,1,1,ok
5dd3f3eb0,4,4,ok
ace8a42bd,5,5,ok
daabe5f9d,1,1,ok
99ba1c605,3,3,ok
59e6d1d66,5,5,ok
c66def50c,2,2,ok
c5422c04b,1,1,ok
91d6a2898,2,2,ok
d20ea312e,4,4,ok
f391fc44e,5,5,ok
c0bc43dd6,1,1,ok
e6dff6d40,3,3,ok
167233db2,1,1,ok
a94208b35,5,5,ok
6e3631a29,2,2,ok
8a811328d,1,1,ok
cf68421ff,5,5,ok
304f1260c,3,3,ok
ab87287a4,3,3,ok
c12883eaa,1,1,ok
d8727d356,2,2,ok
dcb42ee1e,1,1,ok
8361219e7,2,2,ok
b99d5d532,3,3,ok
5fe2e44a2,1,1,ok
5962cfdd9,1,1,ok
bed5b657b,2,2,ok
6257ac9e4,5,5,ok
1bbb46822,1,1,ok
0c5fe8151,2,2,ok
18f45d2ad,5,5,ok
5b7fd5349,1,1,ok
685b2cbe4,4,4,ok
325a6a746,4,4,ok
2f595e715,5,5,ok
6e643eba1,5,5,ok
6bf6880bd,1,1,ok
ccccfeabe,3,3,ok
d6ad64584,4,4,ok
73a25206b,4,4,ok
3433731c5,1,1,ok
283d0763f,1,1,ok
642a88a93,3,3,ok
fe38b7b23,5,5,ok
50ef65df7,1,1,ok
6c7251bc8,5,5,ok
abe8790ba,4,4,ok
bea39d7ec,1,1,ok
fc537bc7f,1,1,ok
64a3f89ee,1,1,ok
ed8e10562,5,5,ok
9a96189d5,3,3,ok
89c2d660c,1,1,ok
d3c79cf76,1,1,ok
ab09748d1,3,3,ok
cdd50f583,3,3,ok
7133307db,4,4,ok
681be6214,5,5,ok
c1278fe60,2,2,ok
8421c66e6,3,3,ok
78f87a45d,4,4,ok
db4a0242a,3,3,ok
3ce643dc5,1,1,ok
9da5c9d23,1,1,ok
0b3f851f0,4,4,ok
22cf2902d,1,1,ok
22e9d72ce,3,3,ok
8fc9d6c1a,2,2,ok
191043d9c,1,1,ok
b95928aef,2,2,ok
f729f19c5,1,1,ok
2483a71c4,3,3,ok
37438ea50,1,1,ok
fe9e5aa06,2,2,ok
3c3b9b731,2,2,ok
585a705fc,2,2,ok
b4d341b10,2,2,ok
180f1ef16,2,2,ok
85fd5df90,2,2,ok
42103b22e,5,5,ok
7b49d0924,5,5,ok
cef75bfab,3,3,ok
c04cf0018,2,2,ok
36cc00cf3,2,2,ok
ccd14639f,2,2,ok
4b949e5c7,1,1,ok
5fd83540b,1,1,ok
c68815d52,2,2,ok
25bdd7d90,4,4,ok
46f6472bb,2,2,ok
a2e82a58a,2,2,ok
944db63df,1,1,ok
deb0ad8cd,3,3,ok
6381b1706,3,3,ok
100aed9a3,2,2,ok
56b63bfb3,5,5,ok
cf2ae9919,3,3,ok
b906d9b78,1,1,ok
df8425410,1,1,ok
0fa6ba30b,5,5,ok
4cdb41608,5,5,ok
f24991ef7,5,5,ok
54ec12bf6,2,2,ok
a73b9eafd,3,3,ok
e65daf4dd,1,1,ok
f5fc7d4a5,1,1,ok
b1307cb03,1,1,ok
bfdde77ff,1,1,ok
0d7247d3e,3,3,ok
31dbaafaa,3,3,ok
a99968c35,1,1,ok
029469d58,3,3,ok
cae5c7ef1,1,1,ok
12e747332,3,3,ok
965adb809,2,2,ok
22a7a8a13,5,5,ok
fa0295935,3,3,ok
02387e247,3,3,ok
7b8d76961,1,1,ok
ebd128d90,5,5,ok
da7bed1f8,3,3,ok
2630db5dc,1,1,ok
70ffcfbcb,3,3,ok
a8249d599,3,3,ok
3c273e42f,5,5,ok
baefc2985,1,1,ok
b58cef42d,4,4,ok
4ef15a1c6,3,3,ok
3b4b4cb9c,5,5,ok
102ed9019,4,4,ok
926070c80,4,4,ok
dba9050f5,2,2,ok
ed5c2d9dd,1,1,ok
5b07e0e6a,5,5,ok
7509ed502,1,1,ok
a686164c9,5,5,ok
734459ad1,4,4,ok
878214747,2,2,ok
4ec3a7275,2,2,ok
38436063c,1,1,ok
06db81e31,1,1,ok
a9575b655,3,3,ok
fafa7ddb0,5,5,ok
0858e3a6e,5,5,ok
37e2f042b,5,5,ok
faa62a75b,2,2,ok
e73146163,4,4,ok
ed5b8276f,4,4,ok
5f5bd40ca,4,4,ok
0a20eaed8,1,1,ok
53bb1d133,3,3,ok
e4f117930,3,3,ok
89f229ee8,4,4,ok
e6335223e,1,1,ok
9f0635623,5,5,ok
92a173c59,5,5,ok
4ce0b81f5,3,3,ok
c7a324d3d,2,2,ok
7cc9b21fd,2,2,ok
db61b1f31,4,4,ok
7abe9a0a1,2,2,ok
4cb8fe436,2,2,ok
2618aa6a2,5,5,ok
76aa06fb0,1,1,ok
d15a5363e,5,5,ok
2cd806c03,1,1,ok
e2101b7d1,3,3,ok
dd579722a,4,4,ok
fddd6ef11,1,1,ok
804d08f42,5,5,ok
26a1a063b,5,5,ok
9351d5173,2,2,ok
b82ec4b47,3,3,ok
8368a0a44,4,4,ok
965054b9e,1,1,ok
c66946e39,5,5,ok
e9e06e3f6,3,3,ok
c8519aacb,5,5,ok
8b1b5fcfc,3,3,ok
c2eec623c,1,1,ok
ca3312b77,1,1,ok
7a785a607,1,1,ok
eb22ed27d,4,4,ok
79f8b048f,2,2,ok
39e9ecb70,1,1,ok
0822db812,2,2,ok
74d7a26bc,5,5,ok
5009ff19c,1,1,ok
f53e55959,5,5,ok
a9be5c4ab,5,5,ok
718a5d950,2,2,ok
6da06ed36,1,1,ok
d21ed8b84,1,1,ok
83d94a6e6,3,3,ok
05312ba72,1,1,ok
e3dbfe4c0,5,5,ok
1eeb4ea81,3,3,ok
3cc84c2f8,5,5,ok
148686ce8,2,2,ok
31b3d9b10,4,4,ok
6c7db281b,2,2,ok
e723eee29,5,5,ok
d7f938acd,4,4,ok
c54b26d73,2,2,ok
e77f9e778,3,3,ok
b6661be84,3,3,ok
77c076881,1,1,ok
9e2039291,5,5,ok
67994352b,1,1,ok
e6c917eb2,4,4,ok
53895ad35,5,5,ok
0f122f712,1,1,ok
45ea16ef8,3,3,ok
6917782f7,5,5,ok
f44a6cdaf,4,4,ok
cc60d07c7,3,3,ok
517a669f2,1,1,ok
67ef0c9a6,2,2,ok
99a994cb1,2,2,ok
c996b2baf,2,2,ok
a42c62fc0,4,4,ok
e10252ca3,2,2,ok
bf6ef8c07,5,5,ok
d1fa13f8d,2,2,ok
729f4d5fa,2,2,ok
38e87cee8,5,5,ok
e6292a7b6,5,5,ok
57dcbe4c9,1,1,ok
afc933f32,5,5,ok
21a7f4896,1,1,ok
ab10e0e8c,2,2,ok
8e1111452,4,4,ok
7d7e57f81,2,2,ok
9a5da8156,4,4,ok
db957842b,4,4,ok
49a867af7,5,5,ok
22e1f3438,2,2,ok
0594ed847,2,2,ok
9c68827b5,1,1,ok
33a9dff78,1,1,ok
a40a230be,2,2,ok
3f834da3b,4,4,ok
158b502d3,5,5,ok
98565468b,1,1,ok
e0f3c756a,2,2,ok
5a289a426,2,2,ok
235572f38,1,1,ok
11b3fd45f,5,5,ok
cbaabed93,2,2,ok
34221a4f8,4,4,ok
eb81b0503,4,4,ok
fbed8fc1a,5,5,ok
d538c491f,4,4,ok
508f87cfc,1,1,ok
e4460cb03,5,5,ok
ee93b2d47,5,5,ok
f3b52a69c,4,4,ok
f7675eb96,2,2,ok
5f235ec16,1,1,ok
cbd6b3064,1,1,ok
c5072890c,5,5,ok
97db95d21,5,5,ok
8cba08869,1,1,ok
699ee7fa6,5,5,ok
059baa037,1,1,ok
786486296,1,1,ok
68b8dab3b,1,1,ok
6b5f208fc,5,5,ok
8b8229f52,3,3,ok
19db3e21f,5,5,ok
e47aeed72,5,5,ok
af514b027,3,3,ok
d83dd7fc2,3,3,ok
ea7fc7f4f,1,1,ok
685010499,1,1,ok
bc7eb8b16,1,1,ok
d26ebd584,4,4,ok
9f194db92,5,5,ok
2a556d826,2,2,ok
88cc9be30,1,1,ok
cdcd32165,4,4,ok
00f63c6fc,1,1,ok
ab503c64a,4,4,ok
f454ac205,2,2,ok
c874c7c7c,5,5,ok
611970ebc,1,1,ok
3313aa06f,1,1,ok
d680ddf5d,5,5,ok
64f06dc3b,2,2,ok
8a15669da,1,1,ok
db8a8df8a,1,1,ok
3ea49aa4f,3,3,ok
cea2544a7,5,5,ok
ddae7aede,4,4,ok
ae52ea5c4,1,1,ok
a1c1dbf8a,3,3,ok
5971694db,4,4,ok
dbabe4e51,1,1,ok
355743336,4,4,ok
355756bdc,3,3,ok
184ea777b,5,5,ok
36bb93372,4,4,ok
596d784b2,3,3,ok
f17d4ab32,5,5,ok
d4f31b018,1,1,ok
a68e8378d,3,3,ok
163133ac9,5,5,ok
11a993099,5,5,ok
52e555a3a,3,3,ok
b49c33f08,1,1,ok
770eca5eb,4,4,ok
9c4af0f83,2,2,ok
daad5c208,1,1,ok
ab41920c4,3,3,ok
b82317efb,2,2,ok
b1818e562,2,2,ok
902624c4b,5,5,ok
2a06a5244,1,1,ok
e472219f1,2,2,ok
74517d04f,1,1,ok
7b8924342,2,2,ok
603dbe569,1,1,ok
f888d5f54,3,3,ok
90204109f,5,5,ok
f60ee7233,1,1,ok
48432dfa0,3,3,ok
3eb8ef7b3,3,3,ok
21a56b530,3,3,ok
c2ec1becc,3,3,ok
a768123bd,3,3,ok
f222ca167,4,4,ok
577d15fea,1,1,ok
1f72d4b56,3,3,ok
f95db0cb5,2,2,ok
426bb5e4c,3,3,ok
e3749ff79,3,3,ok
6561001c8,5,5,ok
6cdc6cab4,3,3,ok
5a3113fdd,5,5,ok
64f5e2165,3,3,ok
b310f969f,5,5,ok
502d58dea,4,4,ok
d0bf2b3bf,2,2,ok
013527aeb,1,1,ok
a009a2f0f,2,2,ok
00af25fc0,3,3,ok
b5b6b9398,1,1,ok
bb5f471dd,1,1,ok
c1f16a59a,2,2,ok
6f1e6e8ed,4,4,ok
9ce27322b,1,1,ok
c58018973,2,2,ok
189bb90dc,1,1,ok
dd5797b7f,1,1,ok
78b51f6a0,5,5,ok
ca74b17a9,2,2,ok
476b3dbe5,1,1,ok
1b6d1b049,3,3,ok
01ba86830,1,1,ok
6f14bc8cd,2,2,ok
e3427692e,3,3,ok
9160fdb5f,1,1,ok
a85457e16,3,3,ok
2d441a71b,2,2,ok
0ff50cbd5,4,4,ok
a9772bfa3,5,5,ok
7867f152c,5,5,ok
23941ded4,1,1,ok
69df3f618,2,2,ok
efa71e34a,3,3,ok
a6c9fd936,3,3,ok
e418eb448,1,1,ok
3335796f3,2,2,ok
f06da7096,3,3,ok
62dc0532f,3,3,ok
239844635,1,1,ok
ab94dbe57,3,3,ok
e811cd880,2,2,ok
4d2dec2f3,4,4,ok
92935062a,5,5,ok
cdb4a7a7d,1,1,ok
25ef79825,2,2,ok
8d5678b98,1,1,ok
7a5091ca2,5,5,ok
b67778d17,3,3,ok
889ae00e3,2,2,ok
865e968b4,2,2,ok
ac813296c,5,5,ok
a978a37e7,5,5,ok
90ce48a71,3,3,ok
9a1a1d801,2,2,ok
5ee1c77a0,2,2,ok
8dfc9cc69,4,4,ok
404eb3b06,2,2,ok
88c0e21d1,3,3,ok
c82e4964c,5,5,ok
2a5e70892,4,4,ok
f6c14900d,3,3,ok
6774f84e3,2,2,ok
3d985e1bf,5,5,ok
e2f39a17e,2,2,ok
fadae6510,4,4,ok
204ca9f14,1,1,ok
607744326,1,1,ok
e633386b0,1,1,ok
1fecd2bab,4,4,ok
0b4a33baa,1,1,ok
086e528f0,3,3,ok
015c353ce,5,5,ok
c2deaf1e4,3,3,ok
10e27da02,5,5,ok
9945b5ac5,4,4,ok
271bb0de8,2,2,ok
8685a0b1c,1,1,ok
73c4d95a2,5,5,ok
7d1d0d496,4,4,ok
eb8aeff64,2,2,ok
f819c7b65,1,1,ok
b08012e7f,1,1,ok
44fff524f,2,2,ok
5407c6e1a,5,5,ok
e90137a54,2,2,ok
91a4c6b77,3,3,ok
e86af84c5,3,3,ok
77d395a82,2,2,ok
072ae6d9e,2,2,ok
db77fdb46,2,2,ok
5884b684d,3,3,ok
761523328,5,5,ok
8a7fcc8cd,5,5,ok
215b68785,2,2,ok
ecad98f44,1,1,ok
6ea6cde88,3,3,ok
035ff37c6,1,1,ok
e935ae1d8,4,4,ok
f6e56c908,3,3,ok
0499e1ea8,1,1,ok
03ea48efa,4,4,ok
8aaff4d83,5,5,ok
c026becc2,1,1,ok
082838f84,1,1,ok
b460a9761,1,1,ok
4dff83c9f,4,4,ok
628f11673,3,3,ok
1b5e18242,1,1,ok
0c5dbd29f,1,1,ok
1398adca0,5,5,ok
5ff1a0cae,1,1,ok
279a5187c,2,2,ok
5bd62c76f,5,5,ok
bb74a9d58,1,1,ok
243f7f43e,1,1,ok
2962fc103,3,3,ok
f84b22dae,2,2,ok
4f279d30c,5,5,ok
58a4768a6,5,5,ok
22145fe75,2,2,ok
1171c9a41,2,2,ok
86e1089a3,1,1,ok
4f8a564a2,1,1,ok
bf8aa8f96,1,1,ok
7a7835503,5,5,ok
9f2948e8e,1,1,ok
d4e6a9aab,2,2,ok
894da0f10,5,5,ok
cf7d3eec0,3,3,ok
53ef098c0,1,1,ok
244cca93e,3,3,ok
9b1b9876d,3,3,ok
2f4c6ada3,4,4,ok
4a9793dfb,1,1,ok
dde0775b8,5,5,ok
ba2d4e877,2,2,ok
0f366f264,1,1,ok
f5170bc70,2,2,ok
3bb5061e6,1,1,ok
cf574d89c,5,5,ok
319f3e6e7,1,1,ok
078a26f06,2,2,ok
db0875ffd,5,5,ok
e3897d3cb,1,1,ok
6a5c652b5,1,1,ok
76024f2ed,5,5,ok
f1d86e6ea,2,2,ok
3be9dc4cd,5,5,ok
b16c55a91,1,1,ok
ffaa73202,1,1,ok
252b8d395,1,1,ok
406f92f52,5,5,ok
0f796d3f9,4,4,ok
4b378329b,4,4,ok
189637f90,3,3,ok
34dc86aae,1,1,ok
2bf2c6260,4,4,ok
1dc90fbb8,2,2,ok
afe326f34,2,2,ok
5c94ecc07,4,4,ok
cea713af9,4,4,ok
6cf098e3a,5,5,ok
56e91b142,1,1,ok
c8b38c65e,5,5,ok
ae0076e01,4,4,ok
ac1b33d79,5,5,ok
3d8760efc,5,5,ok
db05d2fb1,1,1,ok
4068b452d,5,5,ok
e4eccb132,5,5,ok
569e2b299,1,1,ok
34cedf9bb,5,5,ok
f5b2c6fc0,2,2,ok
45271caa8,2,2,ok
14357e2ed,1,1,ok
4c0de1708,2,2,ok
aa0f2c425,2,2,ok
d246be504,1,1,ok
a58d8080b,1,1,ok
cb5e73024,1,1,ok
d3ebee32b,3,3,ok
90b927fdd,3,3,ok
5dbb2fd0b,1,1,ok
4d6350e54,2,2,ok
779d50e4f,1,1,ok
2959602fc,2,2,ok
2c5f2907a,5,5,ok
cce8fa6c2,3,3,ok
d168549f2,5,5,ok
3ea3cf8d4,1,1,ok
9fb0aedb7,2,2,ok
ce0412bad,1,1,ok
32eb3673a,4,4,ok
a04923326,4,4,ok
85ff0f493,2,2,ok
8a1b27ab1,3,3,ok
c0604b559,2,2,ok
2b31f1be3,5,5,ok
fe854f6a1,3,3,ok
d31e4c6c8,5,5,ok
4cfbb4616,2,2,ok
c9cc0915c,4,4,ok
fb9390214,5,5,ok
610c05772,4,4,ok
f7b67fd7f,1,1,ok
e3a372f31,1,1,ok
86c1be8f0,2,2,ok
5c881b941,1,1,ok
380eaa884,5,5,ok
cc54b47b4,5,5,ok
749afb385,1,1,ok
a572b746b,5,5,ok
6ef02d7e9,5,5,ok
874e791f9,3,3,ok
b178f36d1,4,4,ok
0111f92ff,5,5,ok
138c79a01,4,4,ok
7bf5ab7bd,5,5,ok
6f36088f5,1,1,ok
3a8f89229,4,4,ok
1bbadc050,1,1,ok
572e98234,5,5,ok
f31cebfd0,3,3,ok
92db7f14c,3,3,ok
fa0010ce5,1,1,ok
8b9739cef,2,2,ok
fc02869d9,5,5,ok
91d230036,3,3,ok
1e5aeb31d,2,2,ok
77c9c2e64,5,5,ok
fc43d7ddb,1,1,ok
55b797c90,3,3,ok
ff14c3dbe,1,1,ok
fa2c37e6a,4,4,ok
196b39897,1,1,ok
dac60bd9c,1,1,ok
3a93093cc,3,3,ok
07218c870,1,1,ok
eb21c0250,1,1,ok
6295b5bc0,4,4,ok
bcee746ce,3,3,ok
9d82e4438,5,5,ok
2625dcb50,5,5,ok
75fc7829e,2,2,ok
0936ce7b4,2,2,ok
b6684c4b7,5,5,ok
24ea0569a,5,5,ok
0636650db,1,1,ok
94f353c2f,4,4,ok
cd067a495,1,1,ok
6fef6e555,4,4,ok
0637293ec,3,3,ok
3b8b38508,5,5,ok
249112486,1,1,ok
cb8193d43,4,4,ok
1d72ec242,5,5,ok
0146f6d2c,1,1,ok
230232e58,2,2,ok
5aeba94a3,1,1,ok
bfdd20655,2,2,ok
2563127ad,3,3,ok
958a86135,5,5,ok
8f1bdc253,2,2,ok
146d950bc,1,1,ok
4effbea00,2,2,ok
91697ee90,3,3,ok
1a67ffb8b,2,2,ok
20845a37b,1,1,ok
c33220375,1,1,ok
0977caea0,1,1,ok
cc9c0e1e7,5,5,ok
4dbcd1d36,4,4,ok
e48598033,2,2,ok
392df6910,5,5,ok
4d7fd1ee8,5,5,ok
bb6276b35,1,1,ok
672ddf4a9,5,5,ok
11960b9ed,1,1,ok
a05674125,4,4,ok
22d381889,1,1,ok
907f77c78,1,1,ok
a2a899dab,5,5,ok
fca85f778,2,2,ok
106e252d9,5,5,ok
d4bc5b7ca,1,1,ok
4baa2968b,5,5,ok
4dad8252f,1,1,ok
8a2998a32,5,5,ok
a6593fb48,5,5,ok
02c7d1b74,4,4,ok
74b9e9fc0,4,4,ok
6dbb13673,3,3,ok
2a1bd7d28,5,5,ok
dd36ab692,3,3,ok
36ccd9729,2,2,ok
7d4f585b5,5,5,ok
694653d6a,3,3,ok
6da53f587,5,5,ok
e772235aa,1,1,ok
c2490d2cf,2,2,ok
3c2a1ed3b,2,2,ok
15adc8d48,1,1,ok
d04fbf327,2,2,ok
0e49c7f19,4,4,ok
918fab9e8,3,3,ok
6a9d18d89,5,5,ok
f85ae1408,2,2,ok
af9279a3f,4,4,ok
69d8727b7,3,3,ok
6b6d2c65f,1,1,ok
6be53d844,3,3,ok
b672b7465,2,2,ok
ee8c56246,2,2,ok
9b515d697,2,2,ok
b67261194,1,1,ok
2c7a8ea18,4,4,ok
9304f9f8b,1,1,ok
f5a34370d,3,3,ok
4084b0a93,3,3,ok
90592e40c,1,1,ok
dfb59bbe9,1,1,ok
6dcb51c02,5,5,ok
0b57ed86a,4,4,ok
99558ec92,3,3,ok
72bb30805,1,1,ok
48f8d1d90,3,3,ok
2edce7d92,5,5,ok
7986a1870,4,4,ok
37f8a39c4,1,1,ok
d6cfa5d4b,2,2,ok
3d7204289,3,3,ok
7dcd7351d,5,5,ok
a892f5fd3,5,5,ok
bd763ab11,2,2,ok
3991dd72d,4,4,ok
ba5526238,1,1,ok
5f8d00436,1,1,ok
eb8adeef1,1,1,ok
9ab7e48e8,1,1,ok
4a8ac8bff,2,2,ok
451d64f26,4,4,ok
f8c6ed1a5,5,5,ok
3c778df64,4,4,ok
fa9df3011,5,5,ok
5145f87a0,5,5,ok
35296e056,1,1,ok
fe0e76ddf,1,1,ok
f91147e5f,3,3,ok
26bba34a6,1,1,ok
fc229a9d7,2,2,ok
e17f6ac56,4,4,ok
f72d7a939,4,4,ok
92d5ac408,5,5,ok
dbe30d86f,5,5,ok
59cf08ff3,1,1,ok
605eca728,1,1,ok
9c7476c25,3,3,ok
01802debf,5,5,ok
25f6db0fd,1,1,ok
c30f7cde0,1,1,ok
cd4624a1a,3,3,ok
4082acebb,1,1,ok
e11190906,3,3,ok
e1e58cd50,5,5,ok
0a4fc94e5,1,1,ok
7fbd06366,1,1,ok
7aefa7eeb,5,5,ok
65b05f438,3,3,ok
992feb0f1,3,3,ok
567c1ab71,5,5,ok
59ee91cf8,1,1,ok
35a62a8b1,1,1,ok
ec0316213,1,1,ok
c92256e41,2,2,ok
9e046289f,2,2,ok
ebd3ef2f9,5,5,ok
9e6abcf6c,5,5,ok
813658b4b,1,1,ok
58fe1756c,2,2,ok
ee9ba4990,3,3,ok
770f24682,1,1,ok
fdb03c163,2,2,ok
98c17f102,5,5,ok
5e4154870,3,3,ok
a5f6e77bf,1,1,ok
7d7fddaed,4,4,ok
0532bf9d3,1,1,ok
93ccba02b,1,1,ok
0a6b9433e,3,3,ok
6d84d3a2f,3,3,ok
3e0ce6020,2,2,ok
3d9346cfb,2,2,ok
3bb43df82,5,5,ok
5c82c5903,2,2,ok
d005caf41,1,1,ok
fa18941f4,4,4,ok
a30803552,1,1,ok
8648922dd,1,1,ok
73a2be705,5,5,ok
1877d9a0d,4,4,ok
087804d85,5,5,ok
9167921b2,3,3,ok
2b82af067,5,5,ok
93cfea76a,3,3,ok
e64404196,5,5,ok
e267af6d8,1,1,ok
403aa5c4b,1,1,ok
d2dd62cf2,2,2,ok
4552e7972,1,1,ok
e910d17de,4,4,ok
cb9527612,3,3,ok
ba8d53f1e,1,1,ok
3f03da51e,5,5,ok
0c3ce1826,4,4,ok
0d4b69793,4,4,ok
f310c42f2,1,1,ok
d9c0e3284,1,1,ok
7cbe52a0f,2,2,ok
11f062cb4,4,4,ok
de2460808,3,3,ok
37fb97f8b,3,3,ok
c92cdf20c,2,2,ok
b686d33cd,3,3,ok
fecec878e,2,2,ok
40501d365,1,1,ok
ad19a6ee0,4,4,ok
8abb96298,5,5,ok
9fb186834,1,1,ok
9c1cbec2f,5,5,ok
32aa78316,4,4,ok
7ba58565e,3,3,ok
73717bc4f,1,1,ok
4f3e35156,5,5,ok
8102d6dc7,1,1,ok
e07812482,1,1,ok
8c3d81083,2,2,ok
40f17b3a1,3,3,ok
89523a695,2,2,ok
a6ac8884b,1,1,ok
8bda483ec,4,4,ok
bec49d8b7,1,1,ok
015770429,4,4,ok
618e97eeb,1,1,ok
afaadb62f,5,5,ok
5ff169a48,1,1,ok
124e6af5e,5,5,ok
092b32197,1,1,ok
b70f7c3d6,4,4,ok
45c278a7d,2,2,ok
4cc49be2a,3,3,ok
a5acfe9ed,1,1,ok
ed7c0ebb1,1,1,ok
58a7e1caf,2,2,ok
1c9a2baf6,1,1,ok
80723d694,5,5,ok
7dfa4e393,2,2,ok
8e3e0ffde,1,1,ok
4c3a2c536,5,5,ok
254c3305f,3,3,ok
0f9f0dd0e,3,3,ok
bafa8c847,5,5,ok
37d88b689,4,4,ok
d0aa84916,1,1,ok
20e75472d,3,3,ok
91c4cb54d,5,5,ok
553b61d90,5,5,ok
e9292cee2,5,5,ok
f8e1ea097,5,5,ok
ee2793324,3,3,ok
c93e86f5d,5,5,ok
f5257c5e4,2,2,ok
533f52fff,5,5,ok
6ce342cfe,5,5,ok
ae17429ae,3,3,ok
b0be76af8,3,3,ok
46d88ca3e,4,4,ok
bbf029a0a,5,5,ok
b17f7a1fc,5,5,ok
dbf8ba091,1,1,ok
970910885,1,1,ok
050277142,4,4,ok
51337d3a4,4,4,ok
2d0b49c8f,4,4,ok
40b64aa21,4,4,ok
0bd2d5882,1,1,ok
456c7a365,3,3,ok
f5e9075c9,3,3,ok
1154c26ac,1,1,ok
db4165316,3,3,ok
69c9ba4b3,5,5,ok
2614882d1,3,3,ok
6975353f1,1,1,ok
64c2d97a4,2,2,ok
28c4588e5,5,5,ok
bf5700a80,5,5,ok
da840f8d4,4,4,ok
abfad94f2,1,1,ok
790e639ed,5,5,ok
732b578ff,1,1,ok
08f038689,1,1,ok
0a76a6cf3,1,1,ok
5698c00e2,5,5,ok
70337537c,5,5,ok
446748891,5,5,ok
0cde886ff,1,1,ok
dc56ff89a,2,2,ok
c7969bc23,2,2,ok
f68bec222,3,3,ok
94e9e97c4,5,5,ok
ba2904fd9,2,2,ok
b7dda91fe,2,2,ok
f33406495,3,3,ok
652787a1f,5,5,ok
3be154287,3,3,ok
84fdd34c7,5,5,ok
917ca93b3,5,5,ok
a5965cea5,3,3,ok
b898e8d6c,1,1,ok
ca81b2566,4,4,ok
a483f0d49,5,5,ok
336504b7d,1,1,ok
d687c7171,4,4,ok
6f46311db,5,5,ok
fce854722,2,2,ok
a0fd5da22,1,1,ok
78551abb5,2,2,ok
1cac8717d,1,1,ok
7f8955f6a,4,4,ok
35e96ea98,1,1,ok
fe879c04e,3,3,ok
8b53dec4c,2,2,ok
9bec6db97,3,3,ok
5ddd7f219,3,3,ok
bf190a061,4,4,ok
e18d31575,5,5,ok
8c7b2f093,2,2,ok
8b17616d3,3,3,ok
9beedceb9,3,3,ok
5250b8bc3,1,1,ok
b641cecaf,2,2,ok
d08cf8cb2,2,2,ok
ee2e82f01,5,5,ok
528115548,1,1,ok
4470adc62,1,1,ok
a63364c39,5,5,ok
f6ea19029,5,5,ok
c6e763332,1,1,ok
5fcb3804f,1,1,ok
5edc72757,5,5,ok
e8e8a47fd,5,5,ok
351f3746c,1,1,ok
b4d16b6f6,4,4,ok
172433b2f,1,1,ok
aae0d180c,1,1,ok
d5cbed556,1,1,ok
fc5f63812,5,5,ok
99ed50a86,2,2,ok
46518b224,2,2,ok
8335d65e0,1,1,ok
440676acb,1,1,ok
62550cf78,3,3,ok
a062234cb,1,1,ok
7a54b760e,3,3,ok
504ce7187,1,1,ok
